crv_code,nome_oficial,raca,rgd,data_nascimento,preco_convencional,selos,PMGZ_iABCZ_DEP,PMGZ_iABCZ_DECA,PMGZ_ACAB_ACC,PMGZ_ACAB_DECA,PMGZ_ACAB_DEP,PMGZ_AOL_ACC,PMGZ_AOL_DECA,PMGZ_AOL_DEP,PMGZ_E_ACC,PMGZ_E_DECA,PMGZ_E_DEP,PMGZ_IPP_ACC,PMGZ_IPP_DECA,PMGZ_IPP_DEP,PMGZ_MARM_ACC,PMGZ_MARM_DECA,PMGZ_MARM_DEP,PMGZ_M_ACC,PMGZ_M_DECA,PMGZ_M_DEP,PMGZ_PA_ACC,PMGZ_PA_DECA,PMGZ_PA_DEP,PMGZ_PD_ACC,PMGZ_PD_DECA,PMGZ_PD_DEP,PMGZ_PE365_ACC,PMGZ_PE365_DECA,PMGZ_PE365_DEP,PMGZ_PM EM_ACC,PMGZ_PM EM_DECA,PMGZ_PM EM_DEP,PMGZ_PN_ACC,PMGZ_PN_DECA,PMGZ_PN_DEP,PMGZ_PSN_ACC,PMGZ_PSN_DECA,PMGZ_PSN_DEP,PMGZ_PS_ACC,PMGZ_PS_DECA,PMGZ_PS_DEP,PMGZ_P_ACC,PMGZ_P_DECA,PMGZ_P_DEP,PMGZ_STAY_ACC,PMGZ_STAY_DECA,PMGZ_STAY_DEP,PMGZ_iABCZ_ACC
9006.0,ACE FC CACHOEIRAO,Nelore PO,FCCH2110,13/07/2020,33.9,po; ifert; carcaca-4-estrelas; maternal; peso; reprodutivo; semiintensivo,25.99,1.0,52.0,2.0,1.19,61.0,1.0,4.4,51.0,1.0,2.99,48.0,3.0,-9.2,55.0,3.0,0.57,51.0,1.0,4.45,64.0,1.0,23.29,64.0,1.0,15.13,62.0,1.0,1.65,55.0,1.0,3.63,65.0,10.0,0.99,35.0,2.0,37.58,64.0,1.0,27.76,51.0,1.0,7.02,29.0,1.0,54.36,
9031.0,ALIADO JL DA BAMA,Nelore PO,AIBA2139,18/08/2019,31.2,po; carcaca-3-estrelas; car; maternal; novilhas; peso; semiextensivo,18.98,1.0,68.0,3.0,1.12,76.0,1.0,4.17,52.0,5.0,0.6,43.0,1.0,-19.0,68.0,9.0,-1.12,52.0,1.0,4.0,74.0,1.0,12.94,79.0,2.0,6.53,58.0,5.0,0.22,53.0,1.0,4.81,78.0,1.0,-0.8,29.0,1.0,40.24,78.0,1.0,21.01,52.0,2.0,3.16,24.0,2.0,48.19,
9749.0,1440  DE NAVIRAI,Nelore PO,CSCZ1440,18/11/2020,36.5,po; carcaca-5-estrelas; peso; semiintensivo,17.03,1.0,52.0,1.0,4.14,63.0,1.0,4.18,55.0,1.0,3.24,48.0,7.0,1.31,55.0,1.0,1.9,55.0,1.0,4.2,68.0,1.0,17.82,71.0,1.0,11.41,62.0,1.0,0.93,56.0,6.0,0.05,66.0,5.0,0.07,38.0,5.0,32.6,69.0,1.0,21.65,55.0,1.0,4.56,21.0,2.0,44.28,
9073.0,ARACUÃ DA MDLO,Nelore PO,MDLO1711,25/07/2020,33.9,po; car; maternal; peso; reprodutivo; semiintensivo,28.38,1.0,56.0,5.0,0.17,64.0,2.0,1.83,53.0,1.0,3.43,46.0,1.0,-21.64,53.0,7.0,-0.43,53.0,1.0,4.96,63.0,1.0,28.02,64.0,1.0,17.53,62.0,1.0,2.04,53.0,1.0,4.85,65.0,10.0,1.12,32.0,1.0,59.92,64.0,1.0,33.3,53.0,1.0,5.85,20.0,1.0,52.95,
9862.0,C2503 DA S.NICE,Nelore PO,GRIC2503,05/09/2021,31.2,po; carcaca-4-estrelas; car; maternal; peso; reprodutivo; semiintensivo,27.71,1.0,52.0,1.0,3.05,61.0,1.0,3.71,47.0,6.0,0.4,39.0,1.0,-31.91,52.0,3.0,0.75,47.0,2.0,2.77,61.0,1.0,16.54,63.0,1.0,8.09,58.0,1.0,0.84,47.0,1.0,5.07,66.0,6.0,0.15,26.0,1.0,55.74,62.0,1.0,21.73,47.0,1.0,3.6,16.0,1.0,62.46,
8095.0,AVATAR MAT,Nelore PO,RDM8694,10/11/2015,36.5,po; ifert; carcaca-3-estrelas; car; peso; semiintensivo,8.79,3.0,67.0,7.0,-0.53,76.0,1.0,2.51,76.0,1.0,2.31,76.0,4.0,-6.69,63.0,6.0,-0.01,76.0,1.0,3.41,90.0,2.0,9.45,91.0,2.0,6.22,85.0,1.0,1.31,81.0,8.0,-0.74,92.0,5.0,0.09,46.0,2.0,39.01,91.0,2.0,12.71,76.0,2.0,2.86,53.0,5.0,37.99,
8918.0,AVIADOR DA PEÇA RARA,Nelore PO,PECA8233,12/08/2019,33.9,po; ceip; carcaca-3-estrelas; novilhas; peso; reprodutivo; semiextensivo,22.9,1.0,7.0,1.0,4.29,15.0,6.0,0.31,23.0,8.0,-0.41,25.0,1.0,-19.5,7.0,5.0,0.09,23.0,1.0,4.8,54.0,2.0,9.07,68.0,2.0,6.15,42.0,1.0,1.11,35.0,6.0,0.14,72.0,2.0,-0.3,8.0,1.0,51.61,57.0,2.0,13.26,23.0,1.0,5.17,11.0,1.0,70.61,
7882.0,B1909 DA JANDAIA,Nelore PO,AIAB1909,13/10/2012,36.5,po; car; reprodutivo; semiintensivo,13.78,2.0,50.0,8.0,-0.88,61.0,9.0,-1.17,56.0,8.0,-0.35,58.0,1.0,-21.55,50.0,6.0,-0.04,56.0,3.0,1.75,75.0,3.0,7.6,78.0,3.0,4.48,72.0,6.0,0.1,67.0,8.0,-1.12,77.0,9.0,0.56,36.0,1.0,40.65,78.0,4.0,6.84,56.0,4.0,1.18,40.0,1.0,62.92,
10845.0,BAMBOLET DA SERROTE,Nelore Pintado,DUJU370,12/10/2021,43.7,po; car; semiintensivo,-0.94,7.0,2.0,9.0,-1.02,7.0,6.0,0.04,4.0,9.0,-0.94,8.0,5.0,-4.97,1.0,7.0,-0.43,4.0,9.0,-1.05,28.0,8.0,-2.34,36.0,9.0,-3.0,21.0,5.0,0.18,10.0,3.0,1.41,42.0,6.0,0.17,1.0,6.0,30.07,28.0,7.0,1.0,4.0,9.0,-1.57,4.0,7.0,31.03,
8692.0,BÁRBARO DA EAO,Nelore PO,EAOA9063,20/08/2018,31.2,po; ifert; carcaca-4-estrelas; car; peso; semiintensivo,18.78,1.0,49.0,1.0,4.51,62.0,2.0,2.2,22.0,2.0,1.44,45.0,2.0,-13.5,39.0,3.0,0.77,22.0,1.0,3.98,78.0,1.0,13.18,82.0,1.0,8.67,60.0,1.0,1.22,58.0,3.0,1.73,83.0,10.0,0.58,24.0,6.0,29.01,80.0,1.0,16.06,22.0,1.0,5.1,16.0,1.0,49.67,
11107.0,9891 FIV DA COMETA,Nelore PO,FLPE9891,27/09/2022,31.2,po; carcaca-4-estrelas; car; pnat; maternal; peso; reprodutivo; semiintensivo,24.77,1.0,50.0,1.0,3.02,60.0,1.0,5.1,46.0,1.0,3.07,42.0,5.0,-4.11,50.0,2.0,1.06,46.0,1.0,5.69,62.0,1.0,23.13,65.0,1.0,14.12,60.0,1.0,1.48,50.0,1.0,3.02,68.0,10.0,0.67,27.0,2.0,37.85,63.0,1.0,27.67,46.0,1.0,5.24,19.0,1.0,51.51,
8884.0,BIGUA DA MN,Nelore PO,LBMNE2937,06/08/2018,24.8,po; carcaca-4-estrelas; car; semiextensivo,10.64,2.0,37.0,1.0,3.78,48.0,1.0,2.3,59.0,10.0,-1.49,36.0,4.0,-7.52,39.0,9.0,-0.96,59.0,3.0,2.0,63.0,9.0,-2.74,66.0,10.0,-3.52,60.0,8.0,-0.13,44.0,4.0,0.77,68.0,5.0,0.05,19.0,1.0,42.07,61.0,8.0,-2.73,59.0,1.0,3.98,17.0,1.0,58.79,
9037.0,BLINDADO 7 ESTRELAS,Nelore PO,SETE4324,28/09/2019,33.9,po; maternal; novilhas; semiintensivo,7.89,3.0,58.0,9.0,-1.13,66.0,8.0,-0.75,54.0,8.0,-0.49,44.0,1.0,-20.88,59.0,10.0,-1.27,54.0,1.0,2.89,68.0,7.0,0.87,72.0,10.0,-4.29,62.0,1.0,0.86,53.0,1.0,6.1,74.0,1.0,-1.08,33.0,3.0,36.67,69.0,7.0,1.26,54.0,1.0,3.77,29.0,3.0,42.44,
8802.0,BOLT FC CACHOEIRÃO,Nelore PO,FCCH1901,30/08/2019,18.7,po; atj-plus; reprodutivo; semiextensivo,10.11,3.0,43.0,6.0,0.01,53.0,2.0,1.87,38.0,3.0,1.03,35.0,1.0,-17.92,44.0,5.0,0.04,38.0,4.0,1.4,54.0,5.0,3.67,57.0,4.0,4.14,50.0,4.0,0.35,44.0,6.0,-0.08,59.0,5.0,0.11,24.0,1.0,41.46,56.0,4.0,7.9,38.0,3.0,1.71,20.0,2.0,46.66,
11286.0,2042 FIV NELORE DIAMANTE,Nelore PO,TJL 2042,7/10/2022,32.4,po; ceip; ifert; carcaca-5-estrelas; maternal; peso; reprodutivo; semiextensivo,24.13,1.0,37.0,1.0,3.29,47.0,2.0,1.79,37.0,6.0,0.41,32.0,1.0,-19.81,38.0,2.0,0.95,37.0,1.0,5.47,51.0,1.0,15.88,57.0,1.0,11.04,47.0,1.0,1.23,40.0,7.0,-0.52,59.0,10.0,0.74,20.0,1.0,54.5,53.0,1.0,19.76,37.0,1.0,6.14,15.0,1.0,65.01,
12132.0,BUGATTI DA CONFIANÇA,Nelore PO,DVD6173,17/12/2023,31.2,po; carcaca-3-estrelas; car; rp-ancp; maternal; peso; reprodutivo; semiintensivo,31.41,1.0,49.0,2.0,1.3,57.0,1.0,4.77,46.0,1.0,2.42,41.0,1.0,-34.91,50.0,1.0,1.21,46.0,1.0,4.7,59.0,1.0,27.57,59.0,1.0,17.66,57.0,1.0,1.46,50.0,1.0,5.55,60.0,10.0,1.32,27.0,1.0,41.76,60.0,1.0,32.36,46.0,1.0,5.71,19.0,1.0,53.9,
9055.0,TELES 9030,Nelore PO,FTPO9030,12/05/2020,25.9,po; ifert; carcaca-3-estrelas; maternal; semiintensivo,11.79,2.0,53.0,3.0,1.1,63.0,4.0,0.79,53.0,2.0,1.45,46.0,2.0,-14.3,54.0,1.0,1.36,53.0,2.0,2.16,67.0,5.0,4.2,68.0,5.0,2.58,66.0,3.0,0.45,55.0,2.0,1.99,65.0,9.0,0.45,34.0,6.0,30.14,68.0,6.0,1.99,53.0,3.0,2.18,28.0,1.0,52.11,
8816.0,CAPITAL  DA EAO,Nelore PO,EAOB1830,26/08/2019,48.0,po; ifert; carcaca-5-estrelas; car; maternal; peso; reprodutivo; semiextensivo,25.89,1.0,70.0,1.0,5.55,78.0,1.0,3.3,66.0,1.0,1.94,50.0,1.0,-26.76,72.0,1.0,4.67,66.0,1.0,5.17,84.0,1.0,14.31,87.0,1.0,9.43,77.0,3.0,0.45,58.0,3.0,1.52,85.0,7.0,0.28,36.0,2.0,38.33,86.0,1.0,22.41,66.0,1.0,6.52,27.0,1.0,62.87,
10013.0,TELLES 9910,Nelore PO,FTPO9910,18/10/2021,33.9,po; ifert; carcaca-3-estrelas; maternal; peso; reprodutivo; semiextensivo,23.74,1.0,45.0,5.0,0.17,54.0,2.0,1.67,41.0,6.0,0.24,39.0,1.0,-32.2,46.0,4.0,0.38,41.0,2.0,2.14,59.0,1.0,14.95,62.0,1.0,8.72,55.0,1.0,0.74,47.0,3.0,1.68,56.0,5.0,0.11,26.0,1.0,52.08,60.0,1.0,19.22,41.0,4.0,1.41,18.0,1.0,64.96,
12131.0,CHUMBO DA DIAMANTE,Nelore PO,TJL2186,10/09/2023,32.4,po; ifert; carcaca-5-estrelas; car; rp-ancp; maternal; peso; reprodutivo; semiextensivo,35.41,1.0,51.0,1.0,5.56,59.0,1.0,4.68,49.0,2.0,1.69,44.0,2.0,-15.17,51.0,1.0,2.38,49.0,1.0,4.31,60.0,1.0,21.95,61.0,1.0,15.74,59.0,1.0,1.42,51.0,4.0,0.8,61.0,5.0,0.11,29.0,1.0,56.83,61.0,1.0,29.45,49.0,1.0,5.24,19.0,1.0,78.74,
9683.0,COLOSSO 7 ESTRELAS,Nelore PO,SETE5021,05/12/2020,34.9,po; ifert; carcaca-3-estrelas; maternal; peso; semiintensivo,21.19,1.0,55.0,5.0,0.23,64.0,1.0,3.53,46.0,1.0,2.34,41.0,5.0,-4.88,56.0,10.0,-1.58,46.0,1.0,4.56,65.0,1.0,22.1,71.0,1.0,16.22,56.0,4.0,0.31,50.0,3.0,1.59,73.0,10.0,2.04,28.0,2.0,39.95,67.0,1.0,29.6,46.0,2.0,3.16,25.0,1.0,50.93,
10680.0,8293 FIV DE NAVIRAI,Nelore PO,CSCC8293,20/09/2022,36.5,po; ifert; carcaca-3-estrelas; car; maternal; peso; reprodutivo; semiintensivo,28.12,1.0,47.0,3.0,0.87,60.0,1.0,3.8,48.0,1.0,3.33,42.0,1.0,-23.87,50.0,3.0,0.62,48.0,1.0,3.42,61.0,1.0,27.85,64.0,1.0,18.27,59.0,1.0,1.29,50.0,3.0,1.25,68.0,10.0,0.73,27.0,1.0,48.02,63.0,1.0,32.02,48.0,4.0,1.6,17.0,1.0,57.11,
8459.0,CORINGA MAT,Nelore PO,RDM9990,26/07/2017,36.5,po; ifert; carcaca-3-estrelas; car; peso; semiintensivo,13.8,2.0,67.0,10.0,-3.26,75.0,1.0,4.17,67.0,1.0,2.87,68.0,4.0,-5.55,62.0,3.0,0.6,67.0,2.0,2.43,84.0,1.0,18.61,86.0,1.0,12.27,79.0,2.0,0.65,70.0,6.0,0.15,86.0,10.0,1.08,44.0,3.0,36.8,86.0,1.0,23.6,67.0,1.0,4.83,30.0,3.0,41.85,
12239.0,D8813 DA GREN,Nelore PO,GREND8813,17/07/2023,31.2,po; carcaca-5-estrelas; car; maternal; peso; reprodutivo; extensivo,27.55,1.0,50.0,1.0,6.72,59.0,1.0,4.99,50.0,5.0,0.62,45.0,2.0,-11.92,52.0,1.0,2.08,50.0,1.0,6.01,61.0,1.0,15.88,62.0,1.0,9.88,59.0,1.0,1.04,52.0,1.0,3.85,62.0,6.0,0.17,30.0,1.0,41.56,62.0,1.0,18.77,50.0,1.0,6.12,21.0,1.0,62.52,
9082.0,DIAMANTE  DA AMARAL SANTOS,Nelore PO,FASN470,18/08/2020,31.2,po; carcaca-4-estrelas; pnat; maternal; peso; semiextensivo,25.19,1.0,47.0,1.0,2.99,56.0,1.0,3.88,56.0,1.0,3.04,40.0,5.0,-3.95,47.0,6.0,-0.18,56.0,1.0,7.05,66.0,1.0,18.9,69.0,1.0,11.02,57.0,4.0,0.3,48.0,1.0,3.64,68.0,7.0,0.26,26.0,3.0,35.31,68.0,1.0,26.18,56.0,1.0,6.34,18.0,1.0,61.89,
10681.0,J2832 DA MDLO,Nelore PO,MDLO2832,15/08/2022,36.5,po; ifert; carcaca-5-estrelas; car; maternal; novilhas; peso; reprodutivo; semiextensivo,33.35,1.0,54.0,1.0,8.15,62.0,1.0,3.9,51.0,6.0,0.36,47.0,1.0,-32.52,54.0,1.0,1.46,51.0,1.0,7.19,64.0,1.0,21.6,67.0,1.0,10.35,63.0,1.0,2.29,53.0,1.0,2.8,71.0,5.0,0.11,33.0,1.0,51.81,65.0,1.0,27.37,51.0,1.0,6.64,19.0,1.0,64.65,
8648.0,DODGE MAT,Nelore PO,RDMA1575,21/09/2018,31.2,po; carcaca-5-estrelas; rp-ancp; maternal; peso; semiintensivo,19.47,1.0,77.0,1.0,2.18,84.0,2.0,2.11,75.0,1.0,4.66,70.0,1.0,-19.77,76.0,1.0,1.96,75.0,1.0,3.2,87.0,1.0,23.05,89.0,1.0,14.78,83.0,6.0,0.03,77.0,1.0,3.75,89.0,10.0,0.72,38.0,1.0,45.72,88.0,1.0,26.77,75.0,2.0,2.35,27.0,4.0,40.35,
10056.0,DUNGA JRR,Nelore PO,JJSS89,05/11/2020,31.2,po; carcaca-5-estrelas; peso; reprodutivo; semiextensivo,19.85,1.0,48.0,2.0,1.58,56.0,1.0,3.87,54.0,6.0,0.25,42.0,1.0,-23.63,48.0,2.0,1.09,54.0,1.0,4.24,58.0,1.0,13.65,59.0,1.0,8.97,56.0,1.0,1.14,50.0,7.0,-0.27,61.0,6.0,0.19,30.0,1.0,48.37,59.0,1.0,15.94,54.0,1.0,4.49,23.0,1.0,55.24,
11914.0,7406 FIV DA JACAMIM,Nelore PO,MMVA7406,18/09/2023,31.2,po; carcaca-5-estrelas; maternal; peso; reprodutivo; semiintensivo,33.25,1.0,52.0,1.0,3.79,61.0,1.0,5.2,51.0,1.0,5.59,44.0,4.0,-5.91,53.0,2.0,1.04,51.0,1.0,7.87,62.0,1.0,33.27,63.0,1.0,19.96,61.0,3.0,0.5,52.0,1.0,6.67,64.0,10.0,1.51,28.0,2.0,40.21,64.0,1.0,41.2,51.0,1.0,7.84,16.0,1.0,56.69,
11001.0,EIKO DA BEABISA,Nelore PO,BRMG5004,18/09/2022,31.2,po; carcaca-5-estrelas; maternal; peso; reprodutivo; semiintensivo,26.65,1.0,50.0,1.0,2.42,58.0,1.0,3.14,48.0,6.0,0.32,43.0,1.0,-24.17,50.0,2.0,0.8,48.0,1.0,4.22,59.0,1.0,22.41,59.0,1.0,15.25,57.0,1.0,1.55,50.0,2.0,2.01,62.0,10.0,0.84,28.0,1.0,40.76,60.0,1.0,27.43,48.0,1.0,6.25,17.0,1.0,55.74,
9371.0,I2230 DA MODELO,Nelore PO,MDLO2230,16/08/2021,45.4,po; ifert; carcaca-5-estrelas; car; rp-ancp; maternal; peso; reprodutivo; semiintensivo,37.39,1.0,61.0,2.0,1.57,69.0,1.0,9.33,54.0,1.0,3.64,43.0,2.0,-14.93,56.0,2.0,0.86,54.0,1.0,7.26,72.0,1.0,33.3,75.0,1.0,20.3,69.0,1.0,1.02,52.0,1.0,5.03,77.0,10.0,1.95,29.0,1.0,49.82,73.0,1.0,39.45,54.0,1.0,7.09,18.0,1.0,65.48,
9742.0,18643 DA AGUA FRIA,Nelore PO,JCGG18643,01/08/2021,31.2,po; carcaca-4-estrelas; rp-ancp; maternal; peso; reprodutivo; semiextensivo,30.17,1.0,57.0,1.0,3.94,65.0,1.0,3.11,50.0,1.0,3.58,45.0,1.0,-17.54,51.0,7.0,-0.44,50.0,1.0,5.8,63.0,1.0,22.21,64.0,1.0,14.33,59.0,1.0,1.03,52.0,1.0,4.93,64.0,9.0,0.44,32.0,1.0,45.19,64.0,1.0,27.21,50.0,1.0,6.12,26.0,1.0,63.16,
9743.0,19113 DA AGUA FRIA,Nelore PO,JCGG19113,16/08/2021,31.2,po; carcaca-5-estrelas; maternal; novilhas; peso; reprodutivo; semiextensivo,21.32,1.0,57.0,1.0,2.12,65.0,1.0,3.43,56.0,2.0,1.42,44.0,5.0,-3.14,50.0,2.0,1.05,56.0,1.0,4.29,62.0,1.0,16.31,63.0,1.0,9.0,59.0,1.0,0.75,51.0,1.0,2.6,64.0,2.0,-0.18,32.0,3.0,36.68,63.0,1.0,20.08,56.0,1.0,3.93,20.0,1.0,58.3,
11667.0,ESTOURO 7 ESTRELAS,Nelore PO,SETE5873,12/07/2022,34.9,po; ifert; peso; reprodutivo; semiintensivo,15.04,1.0,46.0,5.0,0.13,57.0,10.0,-1.65,46.0,1.0,3.17,42.0,9.0,6.19,49.0,9.0,-0.97,46.0,1.0,4.03,58.0,1.0,21.43,58.0,1.0,15.19,56.0,1.0,0.91,49.0,6.0,0.17,59.0,10.0,1.24,28.0,1.0,43.43,59.0,1.0,27.09,46.0,1.0,6.12,19.0,2.0,45.81,
9689.0,B6834  DA EAO,Nelore PO,EAOB6834,02/08/2021,34.9,po; ifert; carcaca-5-estrelas; car; peso; reprodutivo; semiextensivo,30.6,1.0,56.0,1.0,2.36,64.0,2.0,2.22,53.0,1.0,2.87,47.0,1.0,-22.97,56.0,2.0,0.9,53.0,1.0,3.02,64.0,1.0,22.99,65.0,1.0,15.52,63.0,1.0,1.66,55.0,4.0,1.09,66.0,10.0,0.85,33.0,1.0,49.24,65.0,1.0,28.78,53.0,1.0,3.48,21.0,1.0,69.01,
8889.0,FANTON  DA CARPA,Nelore PO,EBOMA7517,30/09/2018,33.9,po; ifert; maternal; peso; semiextensivo,9.14,3.0,48.0,5.0,0.16,59.0,3.0,1.43,50.0,8.0,-0.51,44.0,2.0,-11.96,51.0,8.0,-0.5,50.0,8.0,-0.89,66.0,2.0,9.53,71.0,1.0,7.51,59.0,10.0,-0.6,53.0,1.0,2.78,67.0,8.0,0.31,32.0,7.0,27.93,68.0,2.0,11.09,50.0,8.0,-0.82,30.0,5.0,37.69,
10835.0,B8015 FIV DA EAO,Nelore PO,EAOB8015,17/10/2021,60.0,po; carcaca-5-estrelas; car; maternal; peso; reprodutivo; semiextensivo,32.4,1.0,56.0,1.0,5.13,65.0,1.0,6.16,52.0,1.0,3.47,48.0,1.0,-34.37,56.0,1.0,1.63,52.0,1.0,4.68,67.0,1.0,24.28,73.0,1.0,14.81,63.0,1.0,1.35,55.0,1.0,2.72,77.0,9.0,0.54,33.0,1.0,55.69,68.0,1.0,30.95,52.0,1.0,6.55,19.0,1.0,59.63,
11934.0,2167 DA VISTA ALEGRE,Nelore PO,ELEJ2167,14/09/2022,31.2,po; carcaca-3-estrelas; maternal; peso; semiintensivo,16.29,1.0,14.0,2.0,1.48,16.0,4.0,0.94,33.0,1.0,3.58,15.0,2.0,-13.21,11.0,7.0,-0.29,33.0,1.0,3.95,22.0,1.0,14.69,25.0,1.0,10.47,16.0,1.0,0.9,16.0,1.0,3.44,18.0,9.0,0.54,9.0,4.0,33.03,24.0,1.0,17.73,33.0,1.0,4.21,7.0,3.0,43.49,
9048.0,GAKHUR AYMORE,Nelore PO,AYM2262,04/08/2020,31.2,po; carcaca-4-estrelas; maternal; peso; reprodutivo; semiextensivo,16.23,1.0,51.0,1.0,2.54,59.0,1.0,4.88,48.0,2.0,1.73,43.0,2.0,-13.98,52.0,5.0,0.03,48.0,1.0,4.57,59.0,1.0,13.65,59.0,1.0,8.23,56.0,2.0,0.57,51.0,1.0,3.99,60.0,7.0,0.29,30.0,2.0,37.7,60.0,1.0,18.39,48.0,1.0,5.17,22.0,4.0,38.64,
12275.0,C2013 DA EAO,Nelore PO,EAOC2013,11/08/2023,31.2,po; carcaca-4-estrelas; maternal; peso; reprodutivo; semiextensivo,25.76,1.0,53.0,1.0,5.07,63.0,1.0,3.33,50.0,5.0,0.51,43.0,1.0,-20.84,54.0,3.0,0.54,50.0,1.0,4.43,63.0,1.0,19.76,64.0,1.0,9.46,62.0,1.0,1.39,53.0,1.0,2.97,65.0,5.0,0.08,29.0,1.0,49.48,65.0,1.0,20.25,50.0,1.0,4.49,20.0,1.0,58.01,
8473.0,GATILHO DA HORA,Nelore PO,HORA2926,01/08/2017,33.9,po; ifert; carcaca-4-estrelas; car; novilhas; peso; reprodutivo; semiintensivo,21.4,1.0,73.0,3.0,0.9,80.0,1.0,4.35,69.0,4.0,0.97,57.0,1.0,-28.58,59.0,1.0,1.52,69.0,2.0,2.32,82.0,2.0,10.83,85.0,2.0,7.0,77.0,1.0,1.2,67.0,10.0,-2.42,86.0,2.0,-0.3,40.0,1.0,55.15,84.0,2.0,14.15,69.0,2.0,2.66,29.0,1.0,65.68,
10915.0,C528 DA NANA PORA,Nelore PO,DINO528,05/10/2022,31.2,po; carcaca-5-estrelas; maternal; peso; reprodutivo; semiintensivo,30.54,1.0,50.0,1.0,2.95,58.0,1.0,4.09,48.0,1.0,1.95,42.0,1.0,-31.92,50.0,1.0,1.55,48.0,1.0,4.88,59.0,1.0,21.76,59.0,1.0,10.91,57.0,1.0,1.48,50.0,1.0,4.36,60.0,8.0,0.36,27.0,1.0,55.55,60.0,1.0,27.31,48.0,1.0,6.03,18.0,1.0,62.8,
9071.0,GIOTTO AYMORE,Nelore Pintado,AYM2268,06/08/2020,499.0,po; novilhas; semiextensivo,-1.8,8.0,43.0,4.0,0.67,53.0,3.0,1.34,40.0,8.0,-0.27,38.0,8.0,3.29,46.0,7.0,-0.29,40.0,1.0,3.74,53.0,5.0,3.21,55.0,5.0,2.22,50.0,9.0,-0.32,45.0,9.0,-1.81,56.0,5.0,0.05,25.0,9.0,23.18,55.0,6.0,1.76,40.0,5.0,1.07,22.0,8.0,27.78,
9036.0,GOLIAS 7 ESTRELAS,Nelore PO,SETE3585,01/08/2018,29.5,po; ifert; carcaca-3-estrelas; car; peso; reprodutivo; semiintensivo,17.5,1.0,66.0,4.0,0.6,74.0,1.0,5.14,51.0,3.0,1.25,49.0,1.0,-20.77,67.0,6.0,-0.05,51.0,1.0,5.38,72.0,1.0,16.73,75.0,1.0,9.5,67.0,9.0,-0.43,57.0,5.0,0.48,76.0,10.0,0.98,30.0,7.0,27.66,74.0,1.0,22.29,51.0,1.0,3.38,26.0,1.0,48.51,
8936.0,HAVAIANO DA TRADIÇÃO,Nelore PO,UTIL1975,24/09/2018,28.3,po; car; novilhas; semiintensivo,5.91,4.0,43.0,7.0,-0.31,52.0,2.0,1.66,40.0,8.0,-0.49,37.0,8.0,2.85,44.0,3.0,0.57,40.0,2.0,2.32,62.0,3.0,6.45,65.0,4.0,3.74,56.0,1.0,0.84,44.0,4.0,0.83,64.0,2.0,-0.24,24.0,1.0,40.36,65.0,4.0,7.45,40.0,1.0,4.08,21.0,5.0,37.29,
11104.0,C342,Nelore PO,NLCM342,26/08/2022,31.2,po; carcaca-5-estrelas; car; pnat; peso; semiintensivo,17.42,1.0,46.0,1.0,3.76,54.0,1.0,2.56,45.0,5.0,0.67,40.0,2.0,-14.96,46.0,2.0,0.96,45.0,1.0,4.17,55.0,1.0,14.83,55.0,2.0,7.03,54.0,1.0,1.52,48.0,7.0,-0.45,57.0,9.0,0.45,26.0,3.0,36.92,56.0,1.0,21.85,45.0,1.0,5.11,19.0,2.0,47.07,
12685.0,HUNO,Nelore PO,SRRN301,02/01/2024,31.2,po; carcaca-4-estrelas; maternal; novilhas; peso; reprodutivo; semiextensivo,28.03,1.0,45.0,1.0,2.39,56.0,1.0,2.45,44.0,1.0,2.98,39.0,1.0,-28.8,48.0,5.0,0.13,44.0,1.0,5.66,58.0,1.0,14.31,58.0,1.0,8.13,55.0,3.0,0.46,48.0,1.0,3.38,58.0,1.0,-0.48,26.0,1.0,41.73,59.0,1.0,21.12,44.0,1.0,4.85,19.0,1.0,72.04,
10927.0,A3147 FIV GUADALUPE,Nelore PO,FGPA3147,20/05/2022,36.5,po; ifert; carcaca-3-estrelas; maternal; peso; reprodutivo; semiintensivo,26.48,1.0,53.0,2.0,1.23,61.0,1.0,4.44,51.0,1.0,2.36,45.0,2.0,-14.58,53.0,4.0,0.34,51.0,1.0,6.04,64.0,1.0,25.41,67.0,1.0,15.71,60.0,1.0,1.33,52.0,1.0,3.4,68.0,10.0,0.72,30.0,2.0,37.07,64.0,1.0,31.33,51.0,1.0,6.81,17.0,1.0,52.88,
8848.0,ILHEUS  GC DA SL,Nelore Pintado,GSCA1047,07/11/2018,43.7,po; novilhas; semiextensivo,-1.46,7.0,13.0,4.0,0.43,22.0,7.0,-0.17,37.0,10.0,-2.32,31.0,4.0,-6.16,13.0,7.0,-0.25,37.0,8.0,-0.57,52.0,10.0,-8.57,63.0,10.0,-4.6,23.0,8.0,-0.12,22.0,9.0,-1.77,63.0,1.0,-0.48,8.0,8.0,25.42,52.0,10.0,-10.3,37.0,7.0,-0.19,11.0,3.0,42.72,
9936.0,JHVM 22893 FIV CAMPARINO,Nelore PO,JHVM22893,20/09/2021,55.0,po; ifert; carcaca-4-estrelas; maternal; peso; semiintensivo,25.1,1.0,56.0,1.0,4.5,66.0,1.0,4.66,50.0,2.0,1.58,51.0,4.0,-8.11,57.0,7.0,-0.39,50.0,1.0,4.61,69.0,1.0,18.02,71.0,1.0,8.76,65.0,1.0,1.06,58.0,1.0,6.21,75.0,6.0,0.16,36.0,8.0,25.85,69.0,1.0,19.92,50.0,1.0,6.16,22.0,1.0,55.25,
8979.0,ITUXI  DO GOLIAS,Nelore PO,FSAT4567,13/09/2019,38.9,po; carcaca-5-estrelas; novilhas; semiintensivo,11.47,2.0,17.0,2.0,1.16,18.0,2.0,1.87,15.0,5.0,0.65,16.0,1.0,-22.8,17.0,1.0,2.43,15.0,1.0,3.62,16.0,4.0,5.67,20.0,4.0,3.95,15.0,8.0,-0.21,16.0,5.0,0.74,24.0,1.0,-0.43,6.0,2.0,37.5,17.0,5.0,4.75,15.0,1.0,3.76,11.0,1.0,48.97,
9075.0,H1818 DA MDLO,Nelore PO,MDLO1818,30/09/2020,25.9,po; ifert; carcaca-4-estrelas; rp-ancp; maternal; peso; reprodutivo; semiintensivo,25.91,1.0,56.0,2.0,1.39,66.0,1.0,2.67,58.0,1.0,3.39,45.0,1.0,-26.53,52.0,2.0,0.86,58.0,1.0,4.03,66.0,1.0,24.1,67.0,1.0,14.28,66.0,1.0,1.35,53.0,1.0,3.97,68.0,9.0,0.48,31.0,1.0,49.91,67.0,1.0,28.03,58.0,1.0,7.32,21.0,1.0,52.06,
9541.0,I2366 DA MODELO,Nelore PO,MDLO2366,22/09/2021,25.9,po; carcaca-4-estrelas; maternal; peso; reprodutivo; semiintensivo,32.01,1.0,55.0,1.0,5.91,63.0,1.0,6.11,51.0,3.0,1.18,43.0,1.0,-30.02,51.0,6.0,-0.22,51.0,1.0,5.41,64.0,1.0,22.96,66.0,1.0,15.2,63.0,1.0,1.77,50.0,1.0,3.69,67.0,8.0,0.36,30.0,1.0,53.81,65.0,1.0,27.9,51.0,1.0,6.26,20.0,1.0,57.05,
9799.0,9624 JR TAR,Nelore PO,JRBT B9624,07/09/2021,31.2,po; carcaca-5-estrelas; car; maternal; peso; reprodutivo; semiextensivo,25.98,1.0,10.0,1.0,1.73,12.0,1.0,3.44,11.0,2.0,1.64,10.0,2.0,-15.99,8.0,1.0,1.84,11.0,1.0,3.87,26.0,1.0,18.88,34.0,1.0,13.86,13.0,1.0,0.75,13.0,1.0,4.33,35.0,10.0,1.26,8.0,2.0,38.87,26.0,1.0,22.06,11.0,1.0,3.53,8.0,1.0,59.82,
8031.0,KOCHI KA,Nelore PO,KAPO330,20/10/2014,343.9,po; ceip; ifert; carcaca-5-estrelas; car; peso; reprodutivo; semiextensivo,19.19,1.0,82.0,1.0,2.32,87.0,1.0,5.64,85.0,3.0,1.32,81.0,2.0,-16.09,78.0,1.0,2.79,85.0,1.0,3.99,92.0,1.0,17.96,93.0,1.0,11.55,89.0,1.0,1.48,86.0,10.0,-3.2,93.0,8.0,0.41,62.0,1.0,50.52,93.0,1.0,20.75,85.0,1.0,4.08,47.0,1.0,50.5,
8945.0,MAAB VINDOURO,Nelore PO,MAB2580,09/11/2014,31.2,po; car; peso; semiintensivo,6.17,4.0,51.0,10.0,-2.21,61.0,3.0,1.35,52.0,1.0,2.35,50.0,3.0,-9.99,54.0,3.0,0.7,52.0,2.0,2.73,68.0,1.0,13.21,72.0,1.0,9.57,62.0,7.0,-0.01,56.0,4.0,0.99,71.0,10.0,0.57,36.0,1.0,40.5,70.0,1.0,16.81,52.0,2.0,2.4,33.0,8.0,28.69,
11913.0,MALBEC FC CACHOEIRÃO,Nelore PO,FCCH3216,10/07/2023,31.2,po; carcaca-4-estrelas; car; peso; reprodutivo; semiintensivo,36.6,1.0,52.0,1.0,2.98,60.0,1.0,5.22,50.0,1.0,4.65,44.0,1.0,-19.51,52.0,9.0,-0.83,50.0,1.0,7.04,61.0,1.0,33.36,62.0,1.0,21.21,60.0,1.0,2.23,52.0,2.0,1.92,63.0,10.0,2.05,29.0,1.0,59.05,62.0,1.0,41.48,50.0,1.0,7.08,18.0,1.0,65.24,
11937.0,MAQUINA FIV FVC,Nelore PO,FVCP3119,01/07/2023,31.2,po; carcaca-5-estrelas; car; maternal; peso; reprodutivo; semiintensivo,35.4,1.0,51.0,1.0,4.03,59.0,1.0,4.86,49.0,1.0,3.47,44.0,1.0,-29.79,51.0,1.0,1.83,49.0,1.0,5.62,60.0,1.0,30.09,61.0,1.0,18.38,59.0,1.0,1.17,51.0,1.0,2.82,62.0,10.0,1.26,29.0,1.0,43.9,61.0,1.0,35.68,49.0,1.0,5.2,19.0,1.0,66.01,
4936.0,MAREL DO IZ,Nelore PO,I3157,08/09/1992,31.2,po; novilhas; semiextensivo,3.7,5.0,70.0,5.0,0.278,78.0,4.0,0.81,86.0,10.0,-1.302,90.0,4.0,-6.21,68.0,2.0,1.04,86.0,3.0,1.88,91.0,6.0,1.41,94.0,7.0,0.29,84.0,9.0,-0.303,91.0,5.0,0.38,94.0,3.0,-0.13,50.0,8.0,25.5,93.0,4.0,5.85,86.0,2.0,2.571,83.0,4.0,38.65,
8318.0,MASTER DA GREN,Nelore PO,GRENA2618,25/08/2016,33.9,po; ifert; carcaca-4-estrelas; car; pnat; novilhas; semiextensivo,15.88,1.0,56.0,1.0,1.8,67.0,4.0,0.8,82.0,10.0,-2.98,63.0,1.0,-19.31,50.0,1.0,2.22,82.0,4.0,1.12,83.0,5.0,3.78,86.0,6.0,1.76,72.0,5.0,0.25,71.0,6.0,0.25,86.0,1.0,-0.47,40.0,7.0,28.41,85.0,5.0,4.97,82.0,3.0,1.91,27.0,1.0,64.92,
8249.0,MISTERIO  CASS,Nelore PO,CASS1957,17/06/2015,209.0,po; semiintensivo,-6.4,9.0,50.0,10.0,-2.22,62.0,9.0,-1.01,78.0,7.0,0.04,71.0,7.0,0.47,51.0,10.0,-3.17,78.0,6.0,0.3,82.0,8.0,-0.78,85.0,6.0,1.23,69.0,7.0,0.0,71.0,10.0,-2.57,85.0,9.0,0.44,34.0,9.0,21.72,83.0,8.0,-1.51,78.0,6.0,0.31,48.0,9.0,24.52,
8706.0,MORRAD DA PEÇA RARA,Nelore PO,PECA7885,22/01/2019,24.8,po; ceip; carcaca-3-estrelas; car; peso; reprodutivo; semiintensivo,16.44,1.0,5.0,4.0,0.52,12.0,2.0,2.16,32.0,3.0,1.06,19.0,1.0,-22.97,5.0,6.0,-0.08,32.0,1.0,4.63,42.0,1.0,13.26,54.0,1.0,10.24,23.0,4.0,0.27,25.0,10.0,-2.96,58.0,8.0,0.36,7.0,1.0,40.71,43.0,1.0,17.68,32.0,1.0,3.72,10.0,1.0,55.25,
9074.0,H1666 DA MDLO,Nelore PO,MDLO1666,16/11/2020,25.9,po; ifert; carcaca-5-estrelas; maternal; peso; reprodutivo; semiintensivo,29.28,1.0,55.0,1.0,4.75,64.0,1.0,2.42,49.0,1.0,5.57,44.0,1.0,-17.67,52.0,2.0,1.07,49.0,1.0,5.29,64.0,1.0,26.87,65.0,1.0,15.04,61.0,1.0,1.25,52.0,1.0,3.02,66.0,10.0,0.72,31.0,1.0,47.75,65.0,1.0,32.95,49.0,1.0,5.68,18.0,1.0,58.32,
9755.0,I2504 DA MODELO,Nelore PO,MDLO2504,21/09/2021,33.9,po; ifert; carcaca-4-estrelas; car; peso; reprodutivo; semiextensivo,26.58,1.0,55.0,1.0,7.16,65.0,1.0,3.86,52.0,3.0,1.17,46.0,1.0,-19.73,55.0,9.0,-0.85,52.0,1.0,6.39,65.0,1.0,19.15,66.0,1.0,9.09,65.0,1.0,1.48,55.0,3.0,1.23,66.0,7.0,0.24,31.0,1.0,59.65,66.0,1.0,26.08,52.0,1.0,6.96,19.0,1.0,58.0,
10900.0,6527 FIV DA ELGE,Nelore PO,ELGE6527,07/11/2021,31.2,po; carcaca-5-estrelas; novilhas; extensivo,13.65,2.0,48.0,1.0,3.53,59.0,1.0,2.95,43.0,10.0,-1.02,41.0,4.0,-7.59,51.0,1.0,2.07,43.0,1.0,5.98,59.0,6.0,2.84,60.0,5.0,2.16,56.0,5.0,0.18,49.0,8.0,-0.85,61.0,1.0,-0.48,24.0,7.0,27.8,61.0,5.0,4.31,43.0,1.0,7.39,19.0,1.0,59.09,
9070.0,NIMBUS KA,Nelore PO,KAPO1987,09/11/2017,38.9,po; ifert; carcaca-4-estrelas; peso; reprodutivo; semiextensivo,21.87,1.0,80.0,4.0,0.73,85.0,1.0,2.6,64.0,1.0,1.91,63.0,1.0,-20.44,53.0,1.0,2.02,64.0,1.0,4.4,87.0,1.0,13.35,88.0,1.0,10.47,79.0,1.0,2.03,68.0,10.0,-2.82,88.0,10.0,1.17,43.0,1.0,42.12,88.0,2.0,12.92,64.0,1.0,4.65,23.0,1.0,66.48,
9685.0,5244 KATISPERA,Nelore PO,KAT5244,01/10/2021,31.2,po; carcaca-5-estrelas; maternal; peso; reprodutivo; semiextensivo,21.32,1.0,54.0,1.0,2.5,63.0,1.0,2.29,51.0,1.0,3.55,48.0,1.0,-20.28,56.0,2.0,0.9,51.0,1.0,4.87,65.0,1.0,19.33,67.0,1.0,11.66,62.0,1.0,1.38,55.0,2.0,2.25,68.0,8.0,0.35,35.0,5.0,31.02,66.0,1.0,24.24,51.0,1.0,5.37,20.0,2.0,48.06,
9058.0,NÓRDICO KA,Nelore PO,KAPM7918,29/11/2017,36.5,po; ifert; carcaca-3-estrelas; car; maternal; peso; reprodutivo; semiintensivo,30.0,1.0,69.0,6.0,-0.22,76.0,1.0,5.65,55.0,1.0,2.77,53.0,1.0,-17.32,58.0,6.0,-0.23,55.0,1.0,3.59,78.0,1.0,21.09,79.0,1.0,11.03,72.0,2.0,0.68,63.0,1.0,6.49,80.0,7.0,0.29,39.0,2.0,36.99,79.0,1.0,25.68,55.0,4.0,1.45,27.0,1.0,67.11,
8287.0,ORACULO DA DI GÊNIO,Nelore PO,JCDG9105,10/09/2016,25.9,po; peso; reprodutivo; semiintensivo,16.55,1.0,53.0,9.0,-1.21,65.0,5.0,0.47,66.0,3.0,1.26,62.0,1.0,-23.03,58.0,9.0,-0.84,66.0,2.0,2.78,75.0,1.0,16.43,79.0,1.0,10.63,71.0,1.0,0.96,63.0,5.0,0.48,82.0,9.0,0.46,40.0,6.0,29.01,77.0,1.0,16.59,66.0,3.0,2.32,26.0,1.0,50.6,
8873.0,OSMIO KA,Nelore PO,KAPM8386,06/09/2018,25.9,po; carcaca-3-estrelas; maternal; peso; reprodutivo; semiintensivo,21.74,1.0,75.0,4.0,0.62,81.0,3.0,1.53,49.0,1.0,4.12,50.0,1.0,-42.08,48.0,1.0,1.5,49.0,1.0,3.26,82.0,1.0,12.19,83.0,1.0,7.65,73.0,1.0,0.93,62.0,1.0,2.99,83.0,9.0,0.56,39.0,1.0,61.9,83.0,1.0,15.21,49.0,2.0,3.24,28.0,1.0,56.73,
8817.0,PACTUAL KA,Nelore PO,KAPO3331,29/08/2019,21.9,po; carcaca-3-estrelas; maternal; peso; reprodutivo; semiintensivo,25.28,1.0,49.0,1.0,1.72,59.0,5.0,0.44,14.0,1.0,1.84,29.0,2.0,-16.08,14.0,5.0,0.21,14.0,1.0,3.73,56.0,1.0,17.47,58.0,1.0,12.0,41.0,1.0,1.93,31.0,2.0,1.92,64.0,10.0,1.02,15.0,1.0,52.42,58.0,1.0,24.15,14.0,3.0,2.1,15.0,1.0,63.15,
8118.0,PAGORAN IZ,Nelore PO,IZSNA4024,07/10/2015,38.9,po; carcaca-3-estrelas; car; maternal; novilhas; reprodutivo; semiintensivo,15.3,1.0,38.0,4.0,0.58,48.0,6.0,0.15,48.0,1.0,3.03,34.0,2.0,-15.69,34.0,1.0,2.2,48.0,2.0,2.54,55.0,1.0,12.47,62.0,4.0,3.89,50.0,8.0,-0.16,37.0,1.0,3.97,62.0,1.0,-1.38,16.0,2.0,38.38,56.0,1.0,16.64,48.0,2.0,2.9,17.0,1.0,51.49,
8874.0,PHD KA,Nelore PO,KAPM10287,25/11/2019,38.9,po; ifert; carcaca-4-estrelas; maternal; peso; reprodutivo; semiintensivo,29.17,1.0,76.0,5.0,0.3,82.0,1.0,6.86,54.0,1.0,5.48,56.0,1.0,-19.72,49.0,1.0,2.31,54.0,1.0,5.6,84.0,1.0,28.46,85.0,1.0,19.35,78.0,1.0,1.68,59.0,3.0,1.3,86.0,10.0,2.29,34.0,1.0,51.24,85.0,1.0,33.78,54.0,1.0,5.88,25.0,1.0,54.81,
8978.0,PITBULL  DO GOLIAS,Nelore PO,FSAT4695,16/03/2020,24.8,po; carcaca-5-estrelas; novilhas; semiextensivo,3.24,5.0,24.0,1.0,1.78,30.0,1.0,2.43,15.0,10.0,-1.73,17.0,2.0,-13.87,25.0,1.0,3.36,15.0,2.0,2.24,27.0,8.0,-1.75,26.0,7.0,0.27,15.0,8.0,-0.23,17.0,9.0,-1.62,28.0,1.0,-0.57,6.0,2.0,37.85,28.0,9.0,-3.97,15.0,2.0,2.76,11.0,4.0,39.93,
8980.0,QATAR DA DI GÊNIO,Nelore PO,JCDG12029,23/08/2018,43.7,po; ceip; ifert; pnat; maternal; peso; reprodutivo; semiextensivo,19.53,1.0,68.0,10.0,-2.66,76.0,4.0,1.07,76.0,1.0,3.63,64.0,3.0,-11.3,69.0,7.0,-0.31,76.0,1.0,4.04,85.0,1.0,21.15,88.0,1.0,16.05,82.0,1.0,0.99,66.0,2.0,1.91,90.0,9.0,0.5,32.0,3.0,36.13,86.0,1.0,23.79,76.0,2.0,2.77,27.0,1.0,51.58,
8243.0,QUANTICO IZ,Nelore PO,IZSNA4252,02/09/2016,25.9,po; carcaca-3-estrelas; maternal; novilhas; semiintensivo,9.69,3.0,42.0,4.0,0.55,52.0,3.0,1.52,34.0,2.0,1.66,36.0,7.0,1.22,39.0,1.0,1.63,34.0,4.0,1.33,53.0,2.0,9.46,55.0,3.0,4.59,53.0,5.0,0.17,41.0,2.0,2.05,59.0,1.0,-0.9,20.0,2.0,38.4,55.0,2.0,12.89,34.0,3.0,2.31,19.0,3.0,42.63,
10910.0,1350 FIV DO MORRO,Nelore PO,GFC1350,08/09/2022,31.2,po; carcaca-5-estrelas; car; maternal; novilhas; peso; reprodutivo; semiintensivo,29.77,1.0,52.0,1.0,7.44,60.0,1.0,4.89,47.0,1.0,2.16,46.0,2.0,-13.07,52.0,1.0,3.71,47.0,1.0,4.5,61.0,1.0,16.3,61.0,1.0,9.22,58.0,1.0,0.95,52.0,1.0,2.9,61.0,4.0,-0.02,35.0,1.0,49.62,62.0,1.0,20.75,47.0,1.0,4.78,18.0,1.0,69.31,
9064.0,QUEST KA,Nelore PO,KPAM38,21/07/2020,36.5,po; ifert; carcaca-5-estrelas; rp-ancp; novilhas; peso; reprodutivo; semiextensivo,22.39,1.0,69.0,1.0,1.75,76.0,1.0,2.62,53.0,1.0,2.81,43.0,1.0,-22.51,50.0,1.0,3.19,53.0,1.0,3.28,81.0,1.0,12.36,82.0,3.0,4.71,78.0,1.0,1.25,52.0,5.0,0.31,82.0,1.0,-1.18,31.0,2.0,38.68,82.0,1.0,14.67,53.0,1.0,4.19,23.0,1.0,67.38,
8652.0,QUICKMAN COL,Nelore PO,COL24926,23/11/2016,55.0,po; ifert; carcaca-4-estrelas; maternal; novilhas; peso; reprodutivo; semiintensivo,22.58,1.0,84.0,2.0,1.36,88.0,1.0,2.7,77.0,4.0,0.95,72.0,1.0,-26.32,68.0,10.0,-1.39,77.0,1.0,3.75,89.0,1.0,12.4,90.0,2.0,6.74,86.0,1.0,1.45,77.0,2.0,2.07,90.0,4.0,0.04,56.0,1.0,60.05,89.0,1.0,14.41,77.0,2.0,2.75,33.0,1.0,61.9,
8477.0,RAGHAN DO IZ,Nelore PO,IZSNA4778,20/10/2017,33.9,po; carcaca-3-estrelas; peso; semiextensivo,15.5,1.0,47.0,3.0,1.07,60.0,2.0,1.99,55.0,1.0,4.37,42.0,6.0,-2.45,37.0,5.0,0.18,55.0,1.0,3.76,69.0,1.0,11.96,74.0,2.0,5.72,62.0,1.0,0.94,48.0,4.0,1.18,74.0,5.0,0.09,18.0,1.0,50.84,73.0,1.0,15.77,55.0,1.0,3.96,17.0,1.0,53.02,
8456.0,RAGHU COL,Nelore PO,COL25662,04/12/2017,45.4,po; ifert; carcaca-3-estrelas; car; maternal; novilhas; extensivo,10.04,3.0,62.0,1.0,2.21,72.0,8.0,-0.8,69.0,6.0,0.32,58.0,3.0,-10.4,57.0,10.0,-1.46,69.0,4.0,1.53,79.0,8.0,-2.06,83.0,9.0,-2.82,69.0,1.0,1.0,59.0,1.0,4.15,83.0,1.0,-0.78,29.0,1.0,45.54,81.0,8.0,-2.81,69.0,3.0,2.35,23.0,1.0,51.77,
7802.0,RAI DA MN,Nelore PO,LBMND8484,13/08/2013,45.4,po; ifert; carcaca-5-estrelas; car; maternal; novilhas; semiextensivo,16.18,1.0,85.0,1.0,2.66,89.0,1.0,2.27,88.0,6.0,0.16,85.0,2.0,-13.03,84.0,1.0,1.71,88.0,2.0,2.69,93.0,4.0,5.05,94.0,7.0,0.17,89.0,5.0,0.15,87.0,1.0,5.81,94.0,1.0,-1.04,61.0,1.0,40.61,94.0,3.0,8.77,88.0,2.0,3.18,72.0,1.0,53.98,
9189.0,4436  DA TERRA BRAVA,Nelore PO,EPCF4436,06/09/2020,31.2,po; carcaca-5-estrelas; car; peso; reprodutivo; semiextensivo,25.19,1.0,58.0,1.0,5.22,68.0,1.0,2.88,56.0,3.0,1.06,45.0,1.0,-29.84,60.0,1.0,2.43,56.0,1.0,3.73,71.0,1.0,13.67,76.0,1.0,10.23,65.0,2.0,0.6,52.0,4.0,1.09,75.0,10.0,0.76,30.0,2.0,39.62,73.0,1.0,15.98,56.0,1.0,4.1,21.0,1.0,63.68,
9877.0,KPAO1180 KA,Nelore PO,KPAO1180,18/09/2021,31.2,po; carcaca-5-estrelas; car; maternal; peso; reprodutivo; semiintensivo,26.28,1.0,57.0,1.0,2.33,67.0,1.0,6.3,42.0,1.0,2.2,42.0,1.0,-16.54,48.0,1.0,3.64,42.0,2.0,2.55,71.0,1.0,20.99,76.0,1.0,17.07,66.0,4.0,0.28,50.0,2.0,1.8,80.0,10.0,0.9,25.0,1.0,41.45,71.0,1.0,23.74,42.0,3.0,1.8,17.0,1.0,58.01,
8254.0,REM FOX,Nelore PO,REMA1117,09/10/2016,18.7,po; carcaca-4-estrelas; maternal; peso; reprodutivo; semiintensivo,16.46,1.0,57.0,3.0,0.98,66.0,1.0,3.49,45.0,1.0,2.44,45.0,1.0,-18.33,56.0,1.0,1.58,45.0,4.0,1.22,66.0,1.0,17.91,68.0,1.0,11.77,60.0,2.0,0.6,54.0,1.0,3.19,68.0,10.0,1.0,29.0,6.0,30.31,68.0,1.0,23.81,45.0,3.0,1.73,29.0,5.0,36.56,
8253.0,REM FUZIL,Nelore PO,REMA798,11/08/2016,18.7,po; carcaca-4-estrelas; peso; semiextensivo,9.51,3.0,67.0,2.0,1.37,75.0,2.0,1.83,52.0,4.0,0.76,49.0,4.0,-7.51,67.0,4.0,0.45,52.0,1.0,3.27,73.0,1.0,13.59,75.0,1.0,8.87,69.0,1.0,1.68,62.0,9.0,-1.59,73.0,6.0,0.13,33.0,3.0,36.85,76.0,1.0,20.93,52.0,2.0,2.9,38.0,7.0,31.24,
8526.0,REM GERENTE GENETICA ADITIVA,Nelore PO,REMA1577,24/08/2017,33.9,po; ifert; carcaca-5-estrelas; peso; semiextensivo,21.06,1.0,49.0,1.0,1.77,59.0,1.0,6.29,42.0,1.0,2.88,42.0,5.0,-3.78,47.0,1.0,1.92,42.0,1.0,3.19,61.0,1.0,19.68,64.0,1.0,12.46,55.0,4.0,0.31,50.0,4.0,0.95,65.0,8.0,0.37,27.0,2.0,37.97,65.0,1.0,22.86,42.0,3.0,2.19,21.0,1.0,53.31,
8899.0,REM HADOQUE GENETICA ADITIVA,Nelore PO,REMCA2215,01/10/2018,33.9,po; ifert; carcaca-3-estrelas; peso; reprodutivo; semiintensivo,19.09,1.0,50.0,1.0,2.55,60.0,7.0,-0.08,44.0,1.0,2.38,43.0,1.0,-19.73,50.0,7.0,-0.38,44.0,3.0,2.0,65.0,1.0,18.1,69.0,1.0,10.89,60.0,1.0,1.34,51.0,4.0,1.21,68.0,10.0,0.82,28.0,1.0,41.76,67.0,1.0,21.05,44.0,4.0,1.45,23.0,1.0,49.2,
8700.0,REM HAVARD GENETICA ADITIVA,Nelore PO,REM10436,21/11/2018,33.9,po; carcaca-5-estrelas; maternal; peso; reprodutivo; semiextensivo,22.37,1.0,59.0,1.0,3.16,68.0,1.0,5.57,56.0,1.0,2.08,50.0,1.0,-26.58,60.0,1.0,2.23,56.0,1.0,4.42,67.0,1.0,16.68,70.0,1.0,7.79,64.0,1.0,1.1,57.0,1.0,3.99,70.0,5.0,0.09,38.0,1.0,64.44,70.0,1.0,22.9,56.0,2.0,2.88,29.0,2.0,46.78,
10897.0,REM2101M FIV GENETICA ADITIVA,Nelore PO,REMP2101,26/11/2022,31.2,po; carcaca-5-estrelas; car; maternal; peso; reprodutivo; semiextensivo,33.37,1.0,51.0,1.0,5.49,60.0,1.0,6.39,49.0,1.0,4.38,44.0,3.0,-11.13,53.0,1.0,2.45,49.0,1.0,4.31,63.0,1.0,27.5,67.0,1.0,16.42,60.0,1.0,1.83,52.0,1.0,4.75,69.0,10.0,1.17,30.0,1.0,46.18,64.0,1.0,31.66,49.0,1.0,5.64,19.0,1.0,59.96,
8905.0,RENOMADO  COL,Nelore PO,COL25846,11/01/2018,31.2,po; ifert; carcaca-3-estrelas; car; maternal; reprodutivo; semiintensivo,16.91,1.0,54.0,9.0,-1.22,61.0,1.0,2.5,53.0,8.0,-0.47,49.0,1.0,-21.86,55.0,8.0,-0.66,53.0,2.0,2.52,65.0,4.0,4.84,66.0,4.0,3.34,62.0,1.0,0.81,54.0,2.0,2.46,67.0,10.0,0.81,36.0,1.0,42.32,65.0,4.0,7.2,53.0,1.0,4.16,28.0,1.0,60.49,
8900.0,RIFLE DA DI GÊNIO,Nelore PO,JCDG13999,20/08/2019,31.2,po; ifert; carcaca-4-estrelas; pnat; maternal; peso; semiintensivo,16.14,1.0,51.0,8.0,-0.62,62.0,1.0,3.06,60.0,1.0,2.97,47.0,1.0,-21.43,53.0,1.0,1.57,60.0,2.0,2.88,71.0,1.0,12.1,74.0,1.0,8.02,62.0,1.0,0.83,54.0,1.0,4.16,75.0,8.0,0.38,31.0,6.0,30.68,70.0,1.0,14.32,60.0,4.0,1.2,28.0,2.0,44.22,
9443.0,2163 FIV PHOC,Nelore PO,PHOC2163,21/09/2021,33.9,po; ifert; carcaca-5-estrelas; car; maternal; peso; semiextensivo,19.09,1.0,64.0,1.0,3.49,72.0,1.0,3.45,58.0,8.0,-0.45,48.0,6.0,-0.99,65.0,1.0,1.98,58.0,1.0,3.64,70.0,1.0,13.05,73.0,1.0,10.53,66.0,2.0,0.69,55.0,1.0,3.16,75.0,10.0,1.06,34.0,5.0,31.3,72.0,1.0,16.47,58.0,2.0,2.78,26.0,1.0,51.24,
10992.0,C2837 DA S. NICE,Nelore PO,GRIC2837,07/10/2021,31.2,po; carcaca-5-estrelas; maternal; peso; reprodutivo; semiintensivo,24.42,1.0,51.0,1.0,5.48,59.0,1.0,3.58,46.0,1.0,2.02,43.0,1.0,-18.28,52.0,1.0,1.49,46.0,1.0,4.6,59.0,1.0,15.01,59.0,2.0,6.43,58.0,2.0,0.59,50.0,1.0,4.32,60.0,9.0,0.52,29.0,1.0,55.14,60.0,1.0,17.43,46.0,1.0,5.29,23.0,1.0,59.64,
8868.0,ROCHEDO DA ELGE,Nelore PO,ELGE5508,15/10/2018,33.9,po; ifert; carcaca-4-estrelas; car; atj-plus; maternal; novilhas; peso; semiextensivo,14.87,1.0,58.0,1.0,4.2,67.0,4.0,0.81,48.0,7.0,0.13,43.0,4.0,-7.47,59.0,2.0,0.88,48.0,1.0,4.34,70.0,2.0,10.61,75.0,2.0,6.89,57.0,3.0,0.45,48.0,2.0,2.04,73.0,1.0,-0.43,23.0,2.0,37.02,73.0,2.0,13.48,48.0,1.0,5.79,21.0,2.0,47.78,
9880.0,KPAM1484 KA,Nelore PO,KPAM1484,06/08/2021,33.9,po; ifert; carcaca-5-estrelas; car; maternal; novilhas; peso; reprodutivo; semiintensivo,24.63,1.0,60.0,1.0,1.78,69.0,1.0,3.66,50.0,2.0,1.61,41.0,1.0,-30.08,48.0,1.0,1.5,50.0,1.0,4.02,74.0,1.0,20.04,76.0,1.0,12.46,68.0,1.0,1.0,49.0,2.0,2.18,78.0,2.0,-0.3,26.0,1.0,48.9,75.0,1.0,24.28,50.0,1.0,4.51,19.0,1.0,54.51,
9878.0,KPAM1356 KA,Nelore PO,KPAM1356,02/08/2021,24.8,po; carcaca-3-estrelas; car; maternal; peso; reprodutivo; semiintensivo,21.14,1.0,52.0,3.0,0.92,61.0,1.0,4.2,44.0,1.0,4.23,39.0,4.0,-7.52,44.0,7.0,-0.27,44.0,1.0,4.49,65.0,1.0,22.76,70.0,1.0,13.36,59.0,1.0,1.28,47.0,1.0,2.67,72.0,10.0,1.39,26.0,1.0,41.33,66.0,1.0,27.48,44.0,1.0,5.81,19.0,2.0,46.2,
8651.0,SCOTT COL,Nelore PO,COL26329,04/12/2018,18.7,po; carcaca-3-estrelas; car; maternal; peso; reprodutivo; semiintensivo,20.02,1.0,50.0,8.0,-0.77,59.0,2.0,1.99,45.0,5.0,0.57,46.0,1.0,-36.34,50.0,10.0,-1.5,45.0,1.0,3.76,60.0,3.0,7.78,60.0,2.0,7.31,57.0,1.0,1.18,52.0,2.0,2.16,61.0,6.0,0.13,33.0,1.0,53.06,61.0,2.0,12.91,45.0,1.0,3.58,25.0,1.0,58.01,
10935.0,KPAO1792 KA,Nelore PO,KPAO1792,30/07/2022,31.2,po; carcaca-4-estrelas; maternal; peso; reprodutivo; semiextensivo,32.23,1.0,51.0,1.0,6.12,59.0,1.0,3.05,47.0,1.0,2.94,43.0,1.0,-28.1,50.0,4.0,0.41,47.0,1.0,7.01,60.0,1.0,27.2,63.0,1.0,14.85,57.0,1.0,1.75,50.0,1.0,4.19,68.0,9.0,0.56,31.0,1.0,59.32,61.0,1.0,34.24,47.0,1.0,7.06,21.0,1.0,57.08,
8721.0,SERTÃO DO IZ,Nelore PO,IZSNA4977,26/09/2018,31.2,po; ifert; peso; reprodutivo; semiextensivo,9.8,3.0,46.0,9.0,-1.47,61.0,7.0,-0.03,43.0,4.0,0.83,46.0,1.0,-26.05,39.0,4.0,0.41,43.0,3.0,2.02,77.0,3.0,7.0,81.0,4.0,3.33,65.0,7.0,-0.01,42.0,3.0,1.29,72.0,8.0,0.37,20.0,3.0,36.33,78.0,2.0,11.29,43.0,1.0,4.95,15.0,2.0,44.77,
10937.0,KPAM3028 KA,Nelore PO,KPAM3028,28/07/2022,31.2,po; carcaca-5-estrelas; maternal; peso; reprodutivo; semiintensivo,30.01,1.0,53.0,1.0,3.17,61.0,1.0,2.6,49.0,1.0,3.43,43.0,1.0,-30.11,51.0,2.0,0.88,49.0,1.0,4.53,64.0,1.0,18.07,69.0,1.0,11.0,59.0,1.0,1.52,52.0,1.0,3.77,72.0,10.0,0.89,31.0,1.0,51.36,65.0,1.0,20.14,49.0,1.0,4.3,22.0,1.0,68.68,
9176.0,SONITO G.SALES,Nelore PO,MFBN7479,11/10/2020,21.9,po; carcaca-4-estrelas; car; maternal; peso; semiextensivo,10.05,3.0,45.0,1.0,2.32,55.0,4.0,0.76,38.0,2.0,1.58,38.0,3.0,-10.48,44.0,1.0,2.6,38.0,4.0,1.45,55.0,1.0,11.55,55.0,1.0,8.1,55.0,9.0,-0.35,45.0,1.0,3.68,56.0,10.0,0.74,25.0,7.0,27.84,56.0,2.0,13.27,38.0,1.0,4.22,19.0,6.0,34.12,
8638.0,STAFF DA BELA,Nelore PO,AZAP2625,20/09/2018,28.3,po; carcaca-3-estrelas; maternal; peso; semiextensivo,20.87,1.0,61.0,1.0,2.91,71.0,2.0,1.68,53.0,5.0,0.59,43.0,2.0,-13.34,53.0,9.0,-1.16,53.0,1.0,7.4,75.0,1.0,15.52,76.0,1.0,8.55,68.0,8.0,-0.17,53.0,2.0,2.13,76.0,9.0,0.43,26.0,3.0,36.64,76.0,1.0,20.49,53.0,1.0,7.44,21.0,1.0,59.82,
8779.0,STAR  DO MURA,Nelore PO,MURA12542,18/08/2017,45.4,po; semiintensivo,4.35,5.0,50.0,9.0,-1.1,62.0,4.0,0.81,62.0,1.0,2.0,47.0,1.0,-22.27,50.0,4.0,0.28,62.0,1.0,3.03,72.0,2.0,8.99,76.0,2.0,5.52,65.0,3.0,0.39,52.0,3.0,1.51,76.0,10.0,0.79,28.0,6.0,29.52,73.0,3.0,8.58,62.0,1.0,3.79,28.0,9.0,25.49,
10931.0,KPAM3325 KA,Nelore PO,KPAM3325,06/09/2022,31.2,po; carcaca-4-estrelas; maternal; peso; reprodutivo; semiextensivo,24.74,1.0,51.0,1.0,3.72,59.0,1.0,4.07,47.0,1.0,3.9,42.0,1.0,-28.57,49.0,4.0,0.38,47.0,1.0,4.78,64.0,1.0,18.37,73.0,2.0,6.79,57.0,1.0,1.96,50.0,1.0,5.25,78.0,2.0,-0.29,31.0,1.0,54.5,66.0,1.0,24.28,47.0,1.0,5.86,20.0,1.0,48.75,
10934.0,KPAM3634 KA,Nelore PO,KPAM3634,06/10/2022,31.2,po; carcaca-5-estrelas; maternal; peso; reprodutivo; semiintensivo,30.87,1.0,50.0,1.0,1.92,58.0,1.0,3.41,45.0,2.0,1.53,40.0,1.0,-33.53,47.0,1.0,1.52,45.0,2.0,2.53,59.0,1.0,18.9,62.0,1.0,14.79,57.0,1.0,1.31,48.0,3.0,1.63,66.0,10.0,1.01,26.0,1.0,48.19,60.0,1.0,19.06,45.0,1.0,4.61,19.0,1.0,72.42,
8951.0,TAITI  COL,Nelore PO,COL27123,10/12/2019,24.8,po; carcaca-4-estrelas; car; peso; reprodutivo; semiintensivo,18.03,1.0,56.0,1.0,2.09,65.0,1.0,2.74,46.0,7.0,-0.1,45.0,1.0,-16.67,47.0,6.0,-0.17,46.0,3.0,1.86,67.0,1.0,17.97,67.0,1.0,10.67,61.0,2.0,0.53,50.0,7.0,-0.35,69.0,9.0,0.45,28.0,1.0,40.49,68.0,1.0,18.61,46.0,1.0,3.26,21.0,1.0,50.78,
8999.0,TAJASWI COL,Nelore PO,COL27267,17/01/2020,33.9,po; ifert; carcaca-3-estrelas; maternal; peso; reprodutivo; semiintensivo,25.0,1.0,72.0,9.0,-1.33,78.0,1.0,5.68,50.0,1.0,1.92,44.0,1.0,-17.42,52.0,8.0,-0.6,50.0,1.0,3.49,78.0,1.0,15.3,79.0,1.0,12.12,75.0,1.0,1.06,53.0,1.0,5.67,80.0,10.0,1.39,27.0,1.0,47.51,78.0,1.0,17.19,50.0,2.0,2.85,19.0,1.0,59.17,
9002.0,TAKASHI COL,Nelore PO,COLM6002,20/01/2020,36.5,po; ifert; maternal; novilhas; peso; reprodutivo; semiintensivo,25.75,1.0,70.0,3.0,0.92,78.0,2.0,2.23,64.0,9.0,-0.66,45.0,1.0,-22.25,68.0,10.0,-2.44,64.0,1.0,5.11,82.0,1.0,15.18,85.0,1.0,8.15,77.0,1.0,1.93,52.0,1.0,2.8,85.0,3.0,-0.08,28.0,1.0,47.63,84.0,1.0,15.93,64.0,1.0,6.65,21.0,1.0,67.6,
9761.0,TEIXOR G.SALES,Nelore PO,MFBN9170,11/11/2021,36.5,po; ifert; carcaca-4-estrelas; car; atj-plus; maternal; novilhas; semiextensivo,16.01,1.0,47.0,3.0,0.84,57.0,1.0,2.61,43.0,6.0,0.34,37.0,1.0,-28.83,46.0,2.0,0.99,43.0,1.0,6.51,70.0,3.0,7.85,74.0,6.0,0.98,56.0,2.0,0.57,45.0,1.0,3.17,70.0,1.0,-0.79,23.0,4.0,33.13,72.0,2.0,11.39,43.0,1.0,8.12,18.0,1.0,51.7,
8793.0,TEMPO COL,Nelore PO,COL26971,29/10/2019,36.5,po; carcaca-3-estrelas; car; maternal; reprodutivo; semiextensivo,16.3,1.0,65.0,3.0,1.1,73.0,1.0,3.03,62.0,9.0,-0.88,54.0,1.0,-20.52,60.0,10.0,-1.96,62.0,1.0,3.91,80.0,3.0,6.33,83.0,5.0,2.04,75.0,2.0,0.68,54.0,1.0,2.92,83.0,7.0,0.23,31.0,1.0,42.32,81.0,3.0,8.84,62.0,2.0,2.61,21.0,1.0,54.79,
10142.0,C3747 DA S. NICE,Nelore PO,GRIC3747,05/02/2022,33.9,po; ifert; carcaca-5-estrelas; car; maternal; novilhas; peso; reprodutivo; semiextensivo,29.12,1.0,57.0,1.0,5.06,65.0,2.0,2.22,54.0,3.0,1.25,50.0,1.0,-22.66,58.0,1.0,1.45,54.0,1.0,5.04,65.0,1.0,19.65,68.0,2.0,7.12,64.0,1.0,1.02,57.0,1.0,9.63,73.0,1.0,-0.48,35.0,1.0,49.19,66.0,1.0,24.39,54.0,1.0,6.99,28.0,1.0,58.09,
8885.0,TRAJANO DA MN,Nelore PO,LBMNE3913,08/08/2019,24.8,po; carcaca-3-estrelas; novilhas; semiextensivo,11.62,2.0,33.0,1.0,1.77,43.0,3.0,1.39,51.0,6.0,0.15,29.0,2.0,-15.59,34.0,7.0,-0.49,51.0,1.0,3.17,61.0,5.0,3.21,64.0,4.0,3.17,53.0,2.0,0.53,37.0,9.0,-1.82,66.0,1.0,-0.68,17.0,3.0,36.8,57.0,4.0,6.49,51.0,1.0,4.97,16.0,1.0,54.06,
8806.0,TRIBUTO  DA S.NICE,Nelore PO,GRIC434,13/12/2019,31.2,po; carcaca-4-estrelas; maternal; peso; reprodutivo; semiextensivo,22.22,1.0,56.0,1.0,4.01,65.0,1.0,2.75,50.0,1.0,2.78,47.0,1.0,-22.09,55.0,5.0,0.06,50.0,1.0,4.8,67.0,1.0,13.5,69.0,2.0,6.93,61.0,1.0,1.6,54.0,2.0,2.25,70.0,5.0,0.09,34.0,1.0,48.08,69.0,1.0,17.38,50.0,1.0,6.72,28.0,1.0,55.75,
10832.0,TROIS FIV G.SALES,Nelore PO,MFBN9973,28/12/2021,31.2,po; carcaca-5-estrelas; car; maternal; novilhas; peso; reprodutivo; semiextensivo,27.04,1.0,50.0,1.0,5.88,59.0,1.0,3.39,47.0,5.0,0.64,42.0,2.0,-12.8,49.0,1.0,2.89,47.0,1.0,5.82,60.0,1.0,21.46,62.0,1.0,10.74,57.0,1.0,1.32,49.0,1.0,5.23,65.0,1.0,-1.01,29.0,2.0,39.44,60.0,1.0,27.43,47.0,1.0,8.89,19.0,1.0,54.12,
8997.0,TRONO COL,Nelore PO,COL27137,11/12/2019,33.9,po; carcaca-3-estrelas; maternal; peso; semiintensivo,23.96,1.0,53.0,6.0,0.01,62.0,1.0,2.92,45.0,4.0,0.86,40.0,2.0,-15.84,50.0,7.0,-0.31,45.0,1.0,4.44,66.0,1.0,20.05,75.0,1.0,10.67,63.0,3.0,0.5,46.0,1.0,7.16,72.0,9.0,0.49,26.0,1.0,50.36,68.0,1.0,22.4,45.0,1.0,4.99,21.0,1.0,54.84,
9034.0,TRUMP DA ALVORADA,Nelore PO,TCL212,30/01/2020,43.7,po; carcaca-3-estrelas; peso; semiintensivo,4.13,5.0,42.0,7.0,-0.33,52.0,2.0,1.63,43.0,3.0,1.29,38.0,4.0,-7.11,44.0,10.0,-1.23,43.0,1.0,3.43,54.0,2.0,8.86,55.0,1.0,8.09,52.0,6.0,0.03,46.0,4.0,0.82,54.0,10.0,1.42,26.0,9.0,22.52,55.0,3.0,10.3,43.0,1.0,3.99,22.0,9.0,26.51,
8952.0,TUCURUI  COL,Nelore PO,COL26876,11/09/2019,24.8,po; carcaca-3-estrelas; maternal; peso; reprodutivo; semiextensivo,18.22,1.0,61.0,2.0,1.69,69.0,2.0,2.09,49.0,1.0,1.87,45.0,1.0,-19.68,50.0,10.0,-2.03,49.0,1.0,3.59,68.0,1.0,16.56,69.0,1.0,11.55,64.0,2.0,0.67,53.0,2.0,2.09,70.0,9.0,0.55,32.0,1.0,45.93,69.0,1.0,18.42,49.0,1.0,3.98,23.0,2.0,46.84,
8883.0,UIRAPURU DA MN,Nelore PO,LBMNE3714,19/11/2018,33.9,po; ifert; carcaca-4-estrelas; car; semiextensivo,11.73,2.0,35.0,2.0,1.61,48.0,1.0,2.59,52.0,1.0,1.96,13.0,1.0,-17.4,35.0,5.0,0.22,52.0,1.0,6.34,64.0,3.0,6.56,71.0,4.0,3.56,48.0,4.0,0.37,18.0,5.0,0.31,73.0,5.0,0.13,6.0,4.0,33.57,65.0,2.0,10.64,52.0,1.0,7.27,6.0,2.0,45.97,
11284.0,20217 FIV DA DI GÊNIO,Nelore PO,JCGD20217,28/08/2022,28.3,po; ceip; carcaca-3-estrelas; maternal; peso; reprodutivo; semiextensivo,19.5,1.0,48.0,10.0,-2.77,57.0,1.0,3.58,48.0,2.0,1.46,43.0,2.0,-12.99,50.0,9.0,-0.94,48.0,1.0,4.52,59.0,1.0,18.82,59.0,1.0,13.89,57.0,1.0,1.16,50.0,3.0,1.71,60.0,10.0,1.08,28.0,1.0,43.08,60.0,1.0,24.11,48.0,1.0,3.88,20.0,1.0,50.16,
10849.0,URIEL FIV DA DI GÊNIO,Nelore PO,JCDG20459,24/09/2022,36.5,po; ifert; carcaca-3-estrelas; car; peso; reprodutivo; semiintensivo,15.61,1.0,48.0,10.0,-3.62,57.0,1.0,4.06,48.0,1.0,2.69,44.0,2.0,-14.2,50.0,10.0,-1.5,48.0,1.0,4.15,59.0,1.0,17.48,63.0,1.0,13.81,57.0,2.0,0.62,51.0,5.0,0.37,71.0,10.0,1.09,29.0,5.0,31.57,60.0,1.0,19.91,48.0,4.0,1.62,20.0,2.0,45.75,
9000.0,UTIL  COL,Nelore PO,COL27561,23/09/2020,18.7,po; carcaca-3-estrelas; peso; semiintensivo,13.6,2.0,49.0,6.0,0.05,59.0,1.0,2.32,47.0,1.0,3.41,45.0,3.0,-10.75,50.0,5.0,0.23,47.0,1.0,4.06,58.0,1.0,14.93,58.0,1.0,9.78,57.0,1.0,0.85,51.0,7.0,-0.39,60.0,10.0,1.09,29.0,5.0,32.33,59.0,1.0,17.21,47.0,1.0,4.66,18.0,2.0,44.3,
9765.0,VASUVED,Nelore PO,TABE0615,10/08/2021,33.9,po; ifert; carcaca-5-estrelas; maternal; novilhas; peso; reprodutivo; semiintensivo,30.06,1.0,50.0,1.0,2.7,58.0,1.0,3.46,51.0,5.0,0.49,43.0,1.0,-21.29,49.0,1.0,2.02,51.0,1.0,5.71,64.0,1.0,16.62,68.0,2.0,6.54,57.0,1.0,1.62,50.0,1.0,7.36,62.0,1.0,-0.74,29.0,1.0,53.77,66.0,1.0,20.59,51.0,1.0,5.63,22.0,1.0,67.95,
9870.0,VESTÍGIO COL,Nelore PO,COL28419,30/11/2021,33.9,po; carcaca-3-estrelas; car; maternal; peso; reprodutivo; semiintensivo,29.3,1.0,51.0,8.0,-0.61,62.0,1.0,3.05,51.0,1.0,5.71,43.0,1.0,-25.9,54.0,10.0,-1.5,51.0,1.0,5.28,63.0,1.0,30.01,67.0,1.0,19.8,64.0,1.0,1.31,50.0,1.0,6.5,66.0,10.0,1.22,25.0,1.0,47.28,64.0,1.0,34.79,51.0,1.0,3.26,18.0,1.0,50.14,
9871.0,VIRENTE COL,Nelore PO,COL28605,21/12/2021,31.2,po; carcaca-4-estrelas; car; peso; reprodutivo; semiintensivo,20.26,1.0,43.0,1.0,2.79,53.0,1.0,3.25,38.0,1.0,2.52,35.0,1.0,-31.42,41.0,10.0,-2.83,38.0,1.0,4.16,53.0,1.0,14.44,53.0,1.0,8.19,53.0,1.0,1.08,43.0,5.0,0.73,54.0,9.0,0.56,20.0,1.0,49.54,54.0,1.0,17.37,38.0,1.0,5.24,16.0,1.0,51.62,
10908.0,VISCONDE DA TRADIÇÃO,Nelore PO,TECO2133,01/11/2019,36.5,po; ifert; carcaca-5-estrelas; car; maternal; novilhas; peso; semiextensivo,17.97,1.0,46.0,1.0,1.81,55.0,1.0,2.5,39.0,4.0,0.91,36.0,4.0,-6.99,48.0,1.0,2.57,39.0,1.0,4.88,54.0,2.0,9.13,61.0,6.0,1.68,51.0,2.0,0.69,43.0,2.0,2.51,70.0,1.0,-0.44,24.0,5.0,31.83,56.0,2.0,12.51,39.0,1.0,6.13,20.0,1.0,61.44,
8375.0,VITORIOSO SL NOVO,Nelore Pintado,NOV2088,02/10/2016,346.5,po; ifert; novilhas; semiextensivo,6.44,4.0,19.0,6.0,-0.09,34.0,9.0,-1.28,64.0,6.0,0.26,53.0,4.0,-7.06,9.0,2.0,0.87,64.0,2.0,2.34,76.0,8.0,-1.78,81.0,8.0,-0.94,57.0,1.0,0.83,45.0,2.0,2.07,77.0,1.0,-0.71,10.0,3.0,35.93,78.0,8.0,-1.27,64.0,1.0,3.61,10.0,2.0,47.96,
9896.0,VOX  COL,Nelore PO,COL28175,14/09/2021,33.9,po; ifert; carcaca-3-estrelas; maternal; peso; reprodutivo; semiextensivo,15.97,1.0,45.0,9.0,-1.09,55.0,2.0,2.23,41.0,2.0,1.39,38.0,1.0,-16.77,47.0,8.0,-0.76,41.0,2.0,2.46,55.0,1.0,17.09,56.0,1.0,7.9,55.0,1.0,0.97,46.0,1.0,3.29,56.0,10.0,0.73,25.0,2.0,37.86,56.0,1.0,19.49,41.0,4.0,1.69,18.0,3.0,43.9,
9869.0,VULCANO COL,Nelore PO,COL28196,11/10/2021,33.9,po; ifert; carcaca-5-estrelas; maternal; peso; reprodutivo; semiextensivo,37.03,1.0,53.0,1.0,4.06,62.0,1.0,5.13,48.0,1.0,3.34,43.0,1.0,-41.98,53.0,1.0,1.43,48.0,1.0,4.02,65.0,1.0,27.97,68.0,1.0,15.1,64.0,1.0,1.36,50.0,1.0,6.05,68.0,10.0,0.96,28.0,1.0,52.21,67.0,1.0,37.99,48.0,1.0,4.63,17.0,1.0,63.0,
8547.0,VULCÃO  DA RFA,Nelore PO,RFA5120,21/08/2018,24.8,po; carcaca-5-estrelas; peso; semiintensivo,12.03,2.0,54.0,1.0,2.367,62.0,1.0,3.84,57.0,2.0,1.779,48.0,8.0,3.45,52.0,1.0,2.62,57.0,2.0,2.833,63.0,1.0,17.76,64.0,1.0,13.45,61.0,3.0,0.513,54.0,10.0,-6.16,66.0,10.0,1.23,34.0,4.0,32.82,64.0,1.0,23.63,57.0,4.0,1.502,29.0,3.0,43.24,
8708.0,WKF4 ÁRABE,Nelore PO,WKF4,22/09/2018,28.3,po; ifert; carcaca-3-estrelas; car; maternal; peso; reprodutivo; semiintensivo,29.94,1.0,63.0,2.0,1.361,72.0,1.0,4.804,74.0,1.0,4.467,53.0,1.0,-19.64,56.0,5.0,0.17,74.0,1.0,4.735,80.0,1.0,22.49,84.0,1.0,13.61,76.0,1.0,0.974,44.0,1.0,4.66,86.0,10.0,0.74,28.0,1.0,51.09,83.0,1.0,24.62,74.0,1.0,4.568,16.0,1.0,65.47,
8864.0,WKF83 BEIRUTE,Nelore PO,WKF83,02/09/2019,24.8,po; carcaca-4-estrelas; peso; reprodutivo; semiextensivo,19.64,1.0,55.0,1.0,4.847,64.0,1.0,2.497,61.0,1.0,3.243,45.0,4.0,-7.79,57.0,5.0,0.13,61.0,1.0,4.986,64.0,1.0,13.96,66.0,1.0,8.56,63.0,1.0,1.365,52.0,4.0,1.18,69.0,10.0,0.94,32.0,2.0,39.05,66.0,1.0,17.93,61.0,1.0,6.827,27.0,1.0,52.4,
10648.0,XAMA COL,Nelore PO,COLM6690,21/10/2022,31.2,po; carcaca-5-estrelas; car; maternal; peso; reprodutivo; semiextensivo,31.79,1.0,48.0,1.0,3.749,57.0,1.0,5.747,44.0,1.0,2.075,40.0,2.0,-14.08,47.0,2.0,0.94,44.0,1.0,5.208,57.0,1.0,22.53,58.0,1.0,14.24,56.0,3.0,0.519,47.0,1.0,4.75,59.0,10.0,1.06,25.0,1.0,43.79,59.0,1.0,26.69,44.0,1.0,6.237,18.0,1.0,67.82,
11108.0,XAROPE COL,Nelore PO,COL28890,20/09/2022,33.9,po; ifert; carcaca-4-estrelas; car; pnat; maternal; peso; reprodutivo; semiextensivo,21.98,1.0,49.0,1.0,4.501,57.0,1.0,3.716,46.0,1.0,1.952,42.0,3.0,-9.3,49.0,5.0,0.2,46.0,1.0,4.932,58.0,1.0,18.85,59.0,1.0,11.8,57.0,3.0,0.419,49.0,4.0,1.14,63.0,10.0,0.76,27.0,1.0,41.81,59.0,1.0,23.9,46.0,1.0,4.864,15.0,1.0,53.83,
9066.0,QUORUM  KA,Nelore PO,KPA57,05/10/2020,38.9,po; carcaca-3-estrelas; maternal; peso; semiintensivo,17.03,1.0,60.0,5.0,0.37,69.0,2.0,2.03,55.0,4.0,0.95,42.0,8.0,4.32,47.0,3.0,0.57,55.0,1.0,3.31,70.0,1.0,16.39,74.0,1.0,11.15,66.0,1.0,0.9,50.0,1.0,4.66,75.0,10.0,1.49,24.0,3.0,35.71,72.0,1.0,17.25,55.0,1.0,3.3,21.0,2.0,47.35,
9864.0,C3403 DA S. NICE,Nelore PO,GRIC3403,12/12/2021,33.9,po; ifert; carcaca-5-estrelas; novilhas; peso; reprodutivo; semiintensivo,21.04,1.0,51.0,1.0,2.6,60.0,1.0,5.49,50.0,6.0,0.27,40.0,5.0,-4.76,52.0,1.0,1.76,50.0,1.0,4.63,62.0,1.0,15.13,68.0,1.0,7.91,56.0,1.0,0.81,49.0,4.0,1.18,71.0,3.0,-0.09,28.0,1.0,44.27,64.0,1.0,16.61,50.0,1.0,6.12,17.0,1.0,58.93,
9062.0,4579  PO CONFIANCA,Nelore PO,DVD4579,11/11/2020,33.9,po; ifert; carcaca-5-estrelas; car; peso; reprodutivo; semiintensivo,27.44,1.0,55.0,1.0,1.79,63.0,1.0,5.48,52.0,1.0,3.99,46.0,2.0,-15.28,56.0,1.0,2.65,52.0,1.0,3.95,64.0,1.0,23.87,67.0,1.0,15.69,60.0,2.0,0.6,54.0,8.0,-0.82,69.0,9.0,0.56,32.0,1.0,63.07,65.0,1.0,27.48,52.0,1.0,4.07,20.0,1.0,65.64,
10511.0,2431 ESALQ,Nelore PO,ALQ2431,10/08/2022,36.5,po; ifert; carcaca-4-estrelas; maternal; peso; reprodutivo; semiintensivo,31.29,1.0,57.0,1.0,2.05,65.0,1.0,6.54,51.0,1.0,2.19,46.0,1.0,-21.65,53.0,6.0,-0.08,51.0,1.0,5.24,65.0,1.0,28.88,70.0,1.0,19.03,64.0,1.0,1.17,53.0,1.0,2.63,73.0,10.0,0.83,33.0,2.0,39.99,67.0,1.0,33.83,51.0,1.0,6.59,20.0,1.0,57.88,
12274.0,C1656 FIV DA EAO,Nelore PO,EAOC1656,26/06/2023,0.0,po; carcaca-5-estrelas; maternal; peso; reprodutivo; semiextensivo,36.83,1.0,53.0,1.0,6.23,61.0,1.0,4.47,50.0,1.0,4.82,46.0,1.0,-32.15,54.0,1.0,2.58,50.0,1.0,4.24,62.0,1.0,25.26,63.0,1.0,17.2,61.0,1.0,1.67,53.0,1.0,7.33,64.0,10.0,0.73,30.0,1.0,45.56,63.0,1.0,29.19,50.0,1.0,4.23,18.0,1.0,62.8,
12680.0,KPAR867 KA,Nelore PO,KPAR867,21/10/2022,,po; carcaca-4-estrelas; maternal; peso; reprodutivo; semiintensivo,33.96,1.0,47.0,3.0,0.9,55.0,1.0,7.72,40.0,1.0,4.41,38.0,1.0,-36.35,43.0,1.0,1.86,40.0,1.0,4.96,53.0,1.0,24.37,54.0,1.0,16.52,52.0,1.0,1.27,46.0,1.0,3.18,56.0,10.0,1.19,24.0,1.0,50.57,55.0,1.0,32.46,40.0,1.0,3.36,16.0,1.0,64.46,
