crv_code,nome_oficial,raca,rgd,data_nascimento,preco_convencional,selos,GENEPLUS_IQG_DEP,GENEPLUS_IQG_TOP,GENEPLUS_AOL_ACC,GENEPLUS_AOL_DEP,GENEPLUS_AOL_TOP,GENEPLUS_CAR_ACC,GENEPLUS_CAR_DEP,GENEPLUS_CAR_TOP,GENEPLUS_CFD_ACC,GENEPLUS_CFD_DEP,GENEPLUS_CFD_TOP,GENEPLUS_CFS_ACC,GENEPLUS_CFS_DEP,GENEPLUS_CFS_TOP,GENEPLUS_DSTAY_ACC,GENEPLUS_DSTAY_DEP,GENEPLUS_DSTAY_TOP,GENEPLUS_EGS_ACC,GENEPLUS_EGS_DEP,GENEPLUS_EGS_TOP,GENEPLUS_GPD_ACC,GENEPLUS_GPD_DEP,GENEPLUS_GPD_TOP,GENEPLUS_IPP_ACC,GENEPLUS_IPP_DEP,GENEPLUS_IPP_TOP,GENEPLUS_IQG_ACC,GENEPLUS_MARM_ACC,GENEPLUS_MARM_DEP,GENEPLUS_MARM_TOP,GENEPLUS_P120 EM_ACC,GENEPLUS_P120 EM_DEP,GENEPLUS_P120 EM_TOP,GENEPLUS_PD_ACC,GENEPLUS_PD_DEP,GENEPLUS_PD_TOP,GENEPLUS_PES_ACC,GENEPLUS_PES_DEP,GENEPLUS_PES_TOP,GENEPLUS_PN_ACC,GENEPLUS_PN_DEP,GENEPLUS_PN_TOP,GENEPLUS_PS_ACC,GENEPLUS_PS_DEP,GENEPLUS_PS_TOP,GENEPLUS_RD_ACC,GENEPLUS_RD_DEP,GENEPLUS_RD_TOP,GENEPLUS_TM 120_ACC,GENEPLUS_TM 120_DEP,GENEPLUS_TM 120_TOP,GENEPLUS_TMD_ACC,GENEPLUS_TMD_DEP,GENEPLUS_TMD_TOP
9006.0,ACE FC CACHOEIRAO,Nelore PO,FCCH2110,13/07/2020,33.9,po; ifert; carcaca-4-estrelas; maternal; peso; reprodutivo; semiintensivo,33.54,1.0,63.0,3.71,2.0,,0.08,99.0,55.0,6.47,1.0,63.0,8.0,2.0,27.0,74.65,4.0,49.0,1.49,3.0,64.0,10.09,3.0,40.0,-4.7,23.0,,61.0,0.52,28.0,49.0,2.73,9.0,60.0,16.68,0.5,70.0,2.54,0.1,58.0,0.94,99.0,64.0,26.77,0.5,63.0,1.39,5.0,,7.66,0.5,,13.11,0.5
9031.0,ALIADO JL DA BAMA,Nelore PO,AIBA2139,18/08/2019,31.2,po; carcaca-3-estrelas; car; maternal; novilhas; peso; semiextensivo,28.97,2.0,72.0,3.01,5.0,,-0.01,28.0,66.0,3.99,10.0,69.0,7.62,3.0,26.0,74.05,4.0,64.0,1.05,10.0,72.0,9.83,4.0,59.0,-6.79,13.0,,70.0,-1.45,97.0,62.0,3.84,2.0,70.0,4.76,35.0,75.0,0.21,55.0,68.0,-0.67,1.0,72.0,14.59,12.0,57.0,2.23,0.5,,4.02,14.0,,7.42,9.0
9749.0,1440  DE NAVIRAI,Nelore PO,CSCZ1440,18/11/2020,36.5,po; carcaca-5-estrelas; peso; semiintensivo,25.36,4.0,61.0,3.38,3.0,,0.07,98.0,41.0,6.18,2.0,54.0,8.82,1.0,26.0,70.66,6.0,50.0,2.21,0.5,57.0,6.14,17.0,41.0,-0.17,55.0,,59.0,1.4,5.0,28.0,-1.34,85.0,55.0,13.11,2.0,64.0,1.14,12.0,51.0,0.24,58.0,57.0,19.25,4.0,61.0,0.78,15.0,,2.09,37.0,,5.13,22.0
9073.0,ARACUÃ DA MDLO,Nelore PO,MDLO1711,25/07/2020,33.9,po; car; maternal; peso; reprodutivo; semiintensivo,37.09,0.5,61.0,1.85,18.0,,0.04,86.0,54.0,6.37,1.0,62.0,10.74,0.5,25.0,79.56,2.0,52.0,-0.21,68.0,62.0,18.16,0.1,36.0,-11.25,3.0,,57.0,-0.8,85.0,48.0,4.99,0.5,60.0,15.68,0.5,69.0,2.3,0.5,58.0,0.93,99.0,62.0,33.84,0.1,61.0,1.46,4.0,,9.39,0.1,,15.3,0.1
9862.0,C2503 DA S.NICE,Nelore PO,GRIC2503,05/09/2021,31.2,po; carcaca-4-estrelas; car; maternal; peso; reprodutivo; semiintensivo,30.35,2.0,68.0,2.35,10.0,,0.05,92.0,61.0,6.17,2.0,65.0,8.21,2.0,22.0,79.06,2.0,61.0,1.68,2.0,68.0,7.75,9.0,32.0,-4.3,25.0,,67.0,0.57,26.0,59.0,3.91,2.0,65.0,11.19,4.0,70.0,1.03,16.0,66.0,0.63,91.0,68.0,18.94,5.0,52.0,1.45,4.0,,7.25,1.0,,10.56,2.0
8095.0,AVATAR MAT,Nelore PO,RDM8694,10/11/2015,36.5,po; ifert; carcaca-3-estrelas; car; peso; semiintensivo,4.73,52.0,63.0,2.0,15.0,,-0.05,3.0,34.0,4.63,6.0,60.0,5.55,10.0,42.0,40.38,72.0,27.0,-0.27,71.0,76.0,2.42,47.0,40.0,3.11,77.0,,56.0,0.37,35.0,56.0,-2.0,93.0,73.0,6.4,23.0,77.0,1.69,3.0,71.0,0.14,46.0,76.0,8.81,32.0,74.0,-0.92,82.0,,-0.34,74.0,,0.36,67.0
7882.0,B1909 DA JANDAIA,Nelore PO,AIAB1909,13/10/2012,36.5,po; car; reprodutivo; semiintensivo,10.84,32.0,56.0,-1.15,88.0,,0.02,60.0,40.0,5.18,4.0,57.0,5.95,8.0,30.0,70.48,6.0,39.0,-0.02,57.0,66.0,1.68,54.0,20.0,-10.94,3.0,,53.0,0.01,51.0,43.0,-1.16,83.0,62.0,5.16,32.0,69.0,0.68,30.0,60.0,0.59,89.0,66.0,6.84,41.0,64.0,-0.2,54.0,,0.37,64.0,,0.58,65.0
10845.0,BAMBOLET DA SERROTE,Nelore Pintado,DUJU370,12/10/2021,43.7,po; car; semiintensivo,3.95,55.0,3.0,-0.59,78.0,,-0.02,20.0,9.0,-0.74,83.0,10.0,-0.83,80.0,3.0,50.87,44.0,1.0,-1.19,97.0,18.0,4.79,26.0,3.0,2.21,72.0,,1.0,-0.3,66.0,6.0,1.92,18.0,22.0,-1.04,81.0,8.0,-0.14,73.0,26.0,0.07,38.0,18.0,3.76,56.0,9.0,1.44,4.0,,1.82,41.0,,2.03,50.0
11107.0,9891 FIV DA COMETA,Nelore PO,FLPE9891,27/09/2022,31.2,po; carcaca-4-estrelas; car; pnat; maternal; peso; reprodutivo; semiintensivo,33.78,1.0,57.0,4.96,0.1,,0.0,32.0,48.0,6.58,1.0,50.0,9.52,0.5,21.0,75.26,3.0,45.0,1.47,4.0,53.0,11.55,2.0,33.0,7.77,95.0,,55.0,0.83,17.0,43.0,2.51,11.0,50.0,17.05,0.1,59.0,1.98,1.0,48.0,0.96,99.0,53.0,28.61,0.5,56.0,0.59,21.0,,7.12,1.0,,12.6,0.5
8884.0,BIGUA DA MN,Nelore PO,LBMNE2937,06/08/2018,24.8,po; carcaca-4-estrelas; car; semiextensivo,16.88,16.0,75.0,2.37,10.0,,-0.04,6.0,74.0,3.76,12.0,75.0,3.14,32.0,21.0,70.77,6.0,73.0,1.96,1.0,76.0,0.67,63.0,33.0,-4.59,23.0,,75.0,0.04,50.0,74.0,1.22,31.0,76.0,-1.03,81.0,77.0,0.32,49.0,76.0,0.09,40.0,76.0,-0.36,75.0,56.0,1.05,9.0,,1.1,53.0,,0.66,64.0
9037.0,BLINDADO 7 ESTRELAS,Nelore PO,SETE4324,28/09/2019,33.9,po; maternal; novilhas; semiintensivo,12.99,25.0,66.0,-0.92,84.0,,-0.02,19.0,59.0,1.83,40.0,64.0,2.23,43.0,28.0,58.18,25.0,58.0,-0.19,66.0,67.0,1.13,59.0,51.0,-3.81,28.0,,64.0,-1.29,95.0,56.0,4.58,1.0,65.0,-1.56,84.0,70.0,1.18,11.0,64.0,-0.63,1.0,67.0,-0.44,75.0,59.0,3.12,0.1,,3.5,19.0,,5.43,20.0
8802.0,BOLT FC CACHOEIRÃO,Nelore PO,FCCH1901,30/08/2019,18.7,po; atj-plus; reprodutivo; semiextensivo,13.99,23.0,66.0,2.53,8.0,,0.04,83.0,43.0,2.71,25.0,65.0,3.15,32.0,22.0,58.49,24.0,40.0,0.35,38.0,67.0,6.66,14.0,30.0,-6.9,12.0,,65.0,0.06,49.0,40.0,-0.68,74.0,51.0,5.15,32.0,70.0,1.11,13.0,49.0,0.3,65.0,67.0,11.81,20.0,52.0,-0.66,73.0,,0.64,60.0,,2.11,50.0
12132.0,BUGATTI DA CONFIANÇA,Nelore PO,DVD6173,17/12/2023,31.2,po; carcaca-3-estrelas; car; rp-ancp; maternal; peso; reprodutivo; semiintensivo,41.04,0.1,60.0,4.33,0.5,,0.1,99.0,50.0,6.79,0.5,59.0,10.92,0.5,21.0,78.2,2.0,48.0,0.62,24.0,61.0,20.15,0.1,38.0,-14.44,0.5,,58.0,0.53,28.0,45.0,4.78,0.5,56.0,18.4,0.1,66.0,2.29,0.5,55.0,1.56,99.0,61.0,38.55,0.1,56.0,1.77,2.0,,10.48,0.1,,15.98,0.1
9055.0,TELES 9030,Nelore PO,FTPO9030,12/05/2020,25.9,po; ifert; carcaca-3-estrelas; maternal; semiintensivo,13.33,24.0,10.0,1.09,35.0,,0.07,99.0,49.0,3.34,17.0,16.0,1.39,54.0,25.0,68.45,8.0,45.0,0.3,40.0,31.0,-0.58,74.0,35.0,-2.67,36.0,,8.0,1.21,8.0,45.0,1.69,22.0,56.0,3.72,43.0,51.0,0.13,60.0,52.0,0.54,86.0,31.0,3.14,59.0,59.0,2.99,0.1,,3.01,24.0,,4.53,27.0
8816.0,CAPITAL  DA EAO,Nelore PO,EAOB1830,26/08/2019,48.0,po; ifert; carcaca-5-estrelas; car; maternal; peso; reprodutivo; semiextensivo,29.1,2.0,71.0,2.92,5.0,,0.05,90.0,65.0,6.13,2.0,70.0,8.51,2.0,28.0,74.1,4.0,63.0,2.78,0.1,75.0,9.4,5.0,57.0,-12.7,2.0,,70.0,3.93,0.1,62.0,1.43,27.0,74.0,8.99,10.0,76.0,0.36,47.0,72.0,0.13,45.0,75.0,18.38,5.0,63.0,0.18,37.0,,3.49,19.0,,6.36,14.0
10013.0,TELLES 9910,Nelore PO,FTPO9910,18/10/2021,33.9,po; ifert; carcaca-3-estrelas; maternal; peso; reprodutivo; semiextensivo,16.97,16.0,53.0,0.3,56.0,,0.05,91.0,45.0,2.7,25.0,62.0,3.17,31.0,20.0,63.82,14.0,42.0,-0.32,73.0,64.0,7.5,10.0,32.0,-15.91,0.5,,51.0,-0.28,65.0,41.0,1.12,33.0,63.0,9.42,8.0,67.0,0.71,28.0,60.0,0.0,30.0,64.0,16.92,7.0,52.0,0.61,20.0,,3.87,15.0,,6.05,16.0
12131.0,CHUMBO DA DIAMANTE,Nelore PO,TJL2186,10/09/2023,32.4,po; ifert; carcaca-5-estrelas; car; rp-ancp; maternal; peso; reprodutivo; semiextensivo,45.72,0.1,56.0,4.47,0.5,,0.07,98.0,47.0,7.78,0.5,56.0,11.61,0.1,23.0,93.76,0.1,44.0,2.52,0.1,58.0,13.55,0.5,34.0,-6.28,15.0,,54.0,1.94,2.0,44.0,2.57,10.0,54.0,17.95,0.1,64.0,2.03,1.0,51.0,0.41,76.0,58.0,31.5,0.1,54.0,2.32,0.5,,7.97,0.5,,13.59,0.5
9683.0,COLOSSO 7 ESTRELAS,Nelore PO,SETE5021,05/12/2020,34.9,po; ifert; carcaca-3-estrelas; maternal; peso; semiintensivo,20.73,9.0,68.0,2.48,9.0,,0.04,86.0,62.0,4.47,7.0,67.0,5.4,11.0,26.0,68.0,9.0,61.0,-0.45,78.0,68.0,13.26,0.5,57.0,6.62,93.0,,67.0,-1.69,99.0,60.0,2.09,16.0,67.0,16.09,0.5,72.0,0.6,34.0,66.0,1.88,99.0,68.0,29.36,0.5,56.0,-1.23,90.0,,7.1,1.0,,11.0,2.0
10680.0,8293 FIV DE NAVIRAI,Nelore PO,CSCC8293,20/09/2022,36.5,po; ifert; carcaca-3-estrelas; car; maternal; peso; reprodutivo; semiintensivo,33.75,1.0,59.0,2.32,11.0,,0.02,58.0,48.0,7.24,0.5,59.0,9.36,1.0,20.0,81.26,1.0,44.0,1.52,3.0,61.0,8.54,7.0,35.0,-6.31,15.0,,58.0,0.34,36.0,44.0,2.54,10.0,66.0,20.57,0.1,66.0,1.67,3.0,66.0,0.78,97.0,61.0,29.11,0.5,54.0,1.12,8.0,,8.26,0.5,,13.59,0.5
8459.0,CORINGA MAT,Nelore PO,RDM9990,26/07/2017,36.5,po; ifert; carcaca-3-estrelas; car; peso; semiintensivo,11.78,29.0,49.0,2.69,7.0,,-0.1,0.1,25.0,2.43,30.0,32.0,5.78,9.0,21.0,56.03,30.0,28.0,-1.77,99.0,64.0,7.18,12.0,29.0,-1.44,45.0,,24.0,0.72,21.0,41.0,-0.18,64.0,62.0,13.32,2.0,71.0,0.83,23.0,60.0,0.89,99.0,64.0,20.5,3.0,69.0,-0.96,83.0,,3.82,15.0,,6.59,13.0
12239.0,D8813 DA GREN,Nelore PO,GREND8813,17/07/2023,31.2,po; carcaca-5-estrelas; car; maternal; peso; reprodutivo; extensivo,34.61,1.0,58.0,4.11,1.0,,0.08,99.0,50.0,7.27,0.5,58.0,9.09,1.0,23.0,76.7,3.0,46.0,3.36,0.1,59.0,8.54,7.0,36.0,-5.53,18.0,,56.0,2.08,1.0,46.0,3.43,4.0,55.0,9.62,7.0,65.0,1.22,10.0,54.0,0.4,74.0,59.0,18.16,6.0,58.0,1.27,6.0,,6.21,3.0,,9.88,3.0
9082.0,DIAMANTE  DA AMARAL SANTOS,Nelore PO,FASN470,18/08/2020,31.2,po; carcaca-4-estrelas; pnat; maternal; peso; semiextensivo,31.36,2.0,67.0,2.23,12.0,,0.09,99.0,63.0,8.95,0.1,69.0,11.02,0.1,25.0,80.88,2.0,61.0,1.41,4.0,71.0,7.97,9.0,57.0,-9.15,6.0,,66.0,0.9,15.0,60.0,2.25,14.0,68.0,14.2,1.0,73.0,0.7,29.0,67.0,0.24,58.0,71.0,22.17,2.0,60.0,1.26,6.0,,6.18,3.0,,10.46,2.0
10681.0,J2832 DA MDLO,Nelore PO,MDLO2832,15/08/2022,36.5,po; ifert; carcaca-5-estrelas; car; maternal; novilhas; peso; reprodutivo; semiextensivo,49.23,0.1,62.0,3.08,4.0,,0.13,99.0,55.0,7.92,0.1,62.0,12.2,0.1,24.0,95.63,0.1,50.0,4.02,0.1,64.0,16.81,0.1,37.0,-7.67,10.0,,60.0,1.36,6.0,34.0,4.15,2.0,57.0,9.83,7.0,66.0,2.47,0.5,56.0,0.14,46.0,64.0,26.64,0.5,60.0,1.93,1.0,,6.01,3.0,,11.7,1.0
8707.0,DIVISOR DA MATINHA,Nelore PO,RDMA1731,09/10/2018,24.8,po; carcaca-5-estrelas; car; novilhas; peso; reprodutivo; semiextensivo,21.68,8.0,63.0,4.65,0.5,,-0.04,4.0,55.0,3.8,12.0,63.0,6.08,8.0,24.0,67.55,9.0,46.0,1.24,6.0,65.0,6.17,17.0,33.0,-6.75,13.0,,58.0,0.79,18.0,52.0,0.32,52.0,61.0,5.94,26.0,69.0,0.24,54.0,59.0,-0.03,28.0,65.0,12.11,19.0,60.0,0.47,25.0,,1.33,49.0,,3.39,37.0
8648.0,DODGE MAT,Nelore PO,RDMA1575,21/09/2018,31.2,po; carcaca-5-estrelas; rp-ancp; maternal; peso; semiintensivo,22.8,7.0,79.0,1.52,24.0,,0.15,99.0,63.0,3.73,13.0,82.0,5.87,9.0,38.0,66.03,11.0,62.0,0.73,20.0,85.0,9.03,5.0,43.0,-2.43,38.0,,76.0,1.08,11.0,66.0,2.49,11.0,81.0,16.35,0.5,89.0,0.06,63.0,79.0,0.61,90.0,85.0,25.38,1.0,70.0,0.8,15.0,,7.45,1.0,,11.36,1.0
10056.0,DUNGA JRR,Nelore PO,JJSS89,05/11/2020,31.2,po; carcaca-5-estrelas; peso; reprodutivo; semiextensivo,21.88,8.0,56.0,3.53,2.0,,0.05,90.0,49.0,4.06,10.0,56.0,5.73,9.0,25.0,67.03,10.0,45.0,1.35,5.0,58.0,4.72,27.0,35.0,-11.27,3.0,,54.0,0.57,26.0,44.0,-0.32,67.0,54.0,9.43,8.0,63.0,1.41,6.0,53.0,0.25,59.0,58.0,14.15,13.0,55.0,0.79,15.0,,2.38,33.0,,4.18,30.0
11914.0,7406 FIV DA JACAMIM,Nelore PO,MMVA7406,18/09/2023,31.2,po; carcaca-5-estrelas; maternal; peso; reprodutivo; semiintensivo,43.73,0.1,61.0,5.12,0.1,,0.14,99.0,48.0,8.86,0.1,60.0,13.48,0.1,25.0,77.69,2.0,45.0,2.5,0.1,62.0,19.03,0.1,35.0,0.47,60.0,,60.0,-0.1,57.0,46.0,6.47,0.1,54.0,21.15,0.1,67.0,0.67,30.0,52.0,1.66,99.0,62.0,40.19,0.1,56.0,1.24,6.0,,13.18,0.1,,19.47,0.1
11001.0,EIKO DA BEABISA,Nelore PO,BRMG5004,18/09/2022,31.2,po; carcaca-5-estrelas; maternal; peso; reprodutivo; semiintensivo,38.69,0.5,56.0,3.2,4.0,,0.13,99.0,47.0,7.79,0.5,55.0,9.74,0.5,24.0,86.19,0.5,45.0,2.24,0.5,57.0,11.36,2.0,35.0,-8.89,6.0,,53.0,0.97,13.0,44.0,3.18,5.0,53.0,14.75,0.5,62.0,2.37,0.5,52.0,0.78,97.0,57.0,26.1,0.5,53.0,1.44,4.0,,7.11,1.0,,11.42,1.0
9371.0,I2230 DA MODELO,Nelore PO,MDLO2230,16/08/2021,45.4,po; ifert; carcaca-5-estrelas; car; rp-ancp; maternal; peso; reprodutivo; semiintensivo,48.17,0.1,63.0,8.38,0.1,,0.04,88.0,51.0,7.15,0.5,60.0,10.06,0.5,23.0,87.04,0.5,50.0,0.9,14.0,65.0,19.95,0.1,34.0,-9.66,5.0,,55.0,0.99,13.0,44.0,5.42,0.5,63.0,21.74,0.1,69.0,1.78,2.0,62.0,1.59,99.0,65.0,41.69,0.1,57.0,2.17,0.5,,12.47,0.1,,18.46,0.1
9742.0,18643 DA AGUA FRIA,Nelore PO,JCGG18643,01/08/2021,31.2,po; carcaca-4-estrelas; rp-ancp; maternal; peso; reprodutivo; semiextensivo,34.23,1.0,57.0,2.71,7.0,,0.12,99.0,49.0,5.13,4.0,17.0,7.52,3.0,24.0,85.06,0.5,47.0,1.67,2.0,21.0,9.05,5.0,33.0,-4.04,27.0,,55.0,-0.28,65.0,45.0,3.4,4.0,27.0,14.07,1.0,32.0,1.37,7.0,39.0,0.6,89.0,21.0,23.12,2.0,58.0,1.6,3.0,,7.35,1.0,,12.03,1.0
9743.0,19113 DA AGUA FRIA,Nelore PO,JCGG19113,16/08/2021,31.2,po; carcaca-5-estrelas; maternal; novilhas; peso; reprodutivo; semiextensivo,29.87,2.0,34.0,3.07,4.0,,0.15,99.0,48.0,6.55,1.0,31.0,7.79,3.0,24.0,78.72,2.0,45.0,1.13,8.0,42.0,7.59,10.0,35.0,-6.64,13.0,,22.0,0.87,16.0,44.0,2.41,12.0,54.0,11.08,4.0,51.0,0.85,22.0,33.0,-0.02,29.0,42.0,18.67,5.0,55.0,1.62,3.0,,5.22,6.0,,9.5,3.0
11667.0,ESTOURO 7 ESTRELAS,Nelore PO,SETE5873,12/07/2022,34.9,po; ifert; peso; reprodutivo; semiintensivo,17.56,15.0,57.0,-3.25,99.0,,0.13,99.0,47.0,5.49,3.0,55.0,5.99,8.0,25.0,72.89,5.0,45.0,0.08,52.0,58.0,11.2,2.0,34.0,11.79,99.0,,55.0,-0.2,61.0,44.0,1.1,34.0,53.0,14.59,1.0,64.0,1.03,15.0,52.0,1.48,99.0,58.0,25.79,0.5,55.0,-0.11,50.0,,5.78,4.0,,8.77,5.0
9689.0,B6834  DA EAO,Nelore PO,EAOB6834,02/08/2021,34.9,po; ifert; carcaca-5-estrelas; car; peso; reprodutivo; semiextensivo,33.89,1.0,61.0,1.78,19.0,,0.04,81.0,52.0,5.55,3.0,61.0,7.58,3.0,25.0,88.35,0.5,48.0,1.21,7.0,62.0,10.04,3.0,38.0,-11.03,3.0,,59.0,0.1,47.0,48.0,1.35,29.0,58.0,16.05,0.5,68.0,2.81,0.1,56.0,0.99,99.0,62.0,26.08,0.5,59.0,0.46,26.0,,5.97,3.0,,10.07,3.0
8889.0,FANTON  DA CARPA,Nelore PO,EBOMA7517,30/09/2018,33.9,po; ifert; maternal; peso; semiextensivo,12.91,26.0,69.0,0.9,40.0,,0.03,74.0,66.0,2.12,35.0,69.0,3.5,28.0,29.0,55.86,30.0,64.0,0.03,55.0,71.0,3.94,33.0,62.0,-1.55,44.0,,68.0,-0.38,69.0,64.0,2.25,14.0,70.0,7.81,15.0,72.0,-0.17,75.0,68.0,0.2,53.0,71.0,11.75,20.0,59.0,1.56,3.0,,5.2,6.0,,7.58,8.0
10835.0,B8015 FIV DA EAO,Nelore PO,EAOB8015,17/10/2021,60.0,po; carcaca-5-estrelas; car; maternal; peso; reprodutivo; semiextensivo,42.32,0.1,62.0,5.59,0.1,,0.04,82.0,21.0,7.0,0.5,43.0,9.38,1.0,25.0,86.29,0.5,48.0,2.04,0.5,48.0,13.8,0.5,9.0,-8.96,6.0,,59.0,2.5,0.5,11.0,2.48,11.0,51.0,15.38,0.5,57.0,2.08,1.0,52.0,0.46,80.0,48.0,29.19,0.5,59.0,2.11,1.0,,6.95,2.0,,12.47,0.5
11934.0,2167 DA VISTA ALEGRE,Nelore PO,ELEJ2167,14/09/2022,31.2,po; carcaca-3-estrelas; maternal; peso; semiintensivo,20.18,10.0,8.0,0.73,44.0,,0.03,76.0,10.0,4.52,7.0,10.0,5.3,12.0,6.0,57.98,25.0,7.0,0.87,15.0,12.0,7.98,9.0,7.0,1.03,64.0,,7.0,-0.24,63.0,9.0,2.64,9.0,14.0,10.79,5.0,10.0,1.81,2.0,9.0,0.53,86.0,12.0,18.77,5.0,11.0,1.08,9.0,,5.72,4.0,,9.54,3.0
9048.0,GAKHUR AYMORE,Nelore PO,AYM2262,04/08/2020,31.2,po; carcaca-4-estrelas; maternal; peso; reprodutivo; semiextensivo,27.31,3.0,65.0,4.32,0.5,,0.15,99.0,49.0,5.03,4.0,58.0,6.93,5.0,26.0,64.89,13.0,46.0,1.68,2.0,66.0,10.3,3.0,36.0,-2.93,34.0,,64.0,-0.44,72.0,45.0,2.59,10.0,55.0,9.17,9.0,66.0,1.21,10.0,53.0,0.4,75.0,66.0,19.47,4.0,56.0,1.12,8.0,,4.8,8.0,,8.08,7.0
12275.0,C2013 DA EAO,Nelore PO,EAOC2013,11/08/2023,31.2,po; carcaca-4-estrelas; maternal; peso; reprodutivo; semiextensivo,31.25,2.0,57.0,3.05,4.0,,0.02,68.0,47.0,7.91,0.1,56.0,8.27,2.0,23.0,77.44,2.0,44.0,1.59,3.0,57.0,8.31,7.0,34.0,-7.93,9.0,,55.0,0.16,44.0,44.0,2.88,7.0,53.0,11.22,4.0,63.0,1.53,4.0,51.0,0.33,68.0,57.0,19.53,4.0,55.0,1.89,2.0,,6.21,3.0,,8.98,4.0
8473.0,GATILHO DA HORA,Nelore PO,HORA2926,01/08/2017,33.9,po; ifert; carcaca-4-estrelas; car; novilhas; peso; reprodutivo; semiintensivo,20.71,9.0,55.0,3.8,2.0,,0.04,83.0,23.0,2.94,22.0,38.0,5.33,12.0,21.0,74.29,4.0,37.0,1.08,9.0,62.0,3.72,35.0,21.0,-10.36,4.0,,17.0,1.73,3.0,37.0,-2.64,97.0,60.0,8.72,11.0,70.0,1.42,6.0,57.0,-0.17,16.0,62.0,12.44,18.0,68.0,-0.87,81.0,,-0.95,82.0,,0.55,65.0
10915.0,C528 DA NANA PORA,Nelore PO,DINO528,05/10/2022,31.2,po; carcaca-5-estrelas; maternal; peso; reprodutivo; semiintensivo,38.71,0.5,56.0,3.52,2.0,,0.12,99.0,48.0,6.16,2.0,56.0,10.99,0.1,23.0,79.94,2.0,44.0,1.97,1.0,58.0,13.9,0.5,35.0,-3.77,28.0,,55.0,1.55,4.0,45.0,4.4,1.0,53.0,11.29,4.0,63.0,1.72,3.0,66.0,0.46,80.0,58.0,25.19,1.0,54.0,2.68,0.1,,6.82,2.0,,12.41,0.5
9071.0,GIOTTO AYMORE,Nelore Pintado,AYM2268,06/08/2020,499.0,po; novilhas; semiextensivo,1.17,64.0,54.0,0.93,39.0,,0.03,78.0,45.0,3.67,13.0,53.0,3.15,32.0,26.0,54.92,33.0,43.0,0.2,46.0,55.0,-2.38,86.0,33.0,14.7,99.0,,52.0,-0.75,83.0,42.0,-1.72,90.0,51.0,2.2,57.0,61.0,-0.54,88.0,66.0,0.25,59.0,55.0,-0.18,74.0,52.0,-0.73,76.0,,-0.92,81.0,,-1.74,83.0
9036.0,GOLIAS 7 ESTRELAS,Nelore PO,SETE3585,01/08/2018,29.5,po; ifert; carcaca-3-estrelas; car; peso; reprodutivo; semiintensivo,20.02,10.0,68.0,4.66,0.5,,0.01,54.0,58.0,5.62,3.0,65.0,7.48,3.0,26.0,59.37,22.0,53.0,0.51,29.0,68.0,12.2,1.0,42.0,-1.81,42.0,,67.0,0.09,47.0,50.0,0.5,48.0,66.0,10.21,6.0,72.0,-0.29,80.0,65.0,0.86,98.0,68.0,22.42,2.0,63.0,-0.3,58.0,,3.34,20.0,,5.95,16.0
8936.0,HAVAIANO DA TRADIÇÃO,Nelore PO,UTIL1975,24/09/2018,28.3,po; car; novilhas; semiintensivo,12.95,25.0,72.0,0.95,38.0,,0.04,81.0,71.0,3.05,20.0,74.0,4.01,22.0,25.0,63.69,14.0,70.0,0.56,27.0,74.0,0.28,67.0,31.0,5.72,90.0,,72.0,1.35,6.0,70.0,0.48,48.0,72.0,5.28,31.0,76.0,1.03,15.0,72.0,-0.25,11.0,74.0,5.55,47.0,53.0,-0.02,46.0,,1.57,45.0,,3.28,38.0
11104.0,C342,Nelore PO,NLCM342,26/08/2022,31.2,po; carcaca-5-estrelas; car; pnat; peso; semiintensivo,25.93,4.0,53.0,2.29,11.0,,0.06,96.0,44.0,4.46,7.0,52.0,8.47,2.0,23.0,71.5,6.0,42.0,1.68,2.0,54.0,11.88,2.0,33.0,-4.07,26.0,,51.0,0.37,34.0,42.0,-1.02,81.0,50.0,8.35,12.0,60.0,2.17,0.5,49.0,0.5,83.0,54.0,20.23,3.0,52.0,-0.19,53.0,,0.74,59.0,,3.12,39.0
12685.0,HUNO,Nelore PO,SRRN301,02/01/2024,31.2,po; carcaca-4-estrelas; maternal; novilhas; peso; reprodutivo; semiextensivo,34.1,1.0,55.0,1.36,28.0,,0.06,94.0,47.0,5.03,4.0,55.0,9.62,0.5,20.0,86.05,0.5,44.0,1.43,4.0,57.0,11.02,2.0,33.0,-7.04,12.0,,54.0,-0.97,89.0,43.0,3.76,3.0,52.0,10.61,5.0,62.0,0.49,39.0,51.0,-0.03,27.0,57.0,21.63,2.0,55.0,1.67,2.0,,6.5,2.0,,11.13,2.0
10927.0,A3147 FIV GUADALUPE,Nelore PO,FGPA3147,20/05/2022,36.5,po; ifert; carcaca-3-estrelas; maternal; peso; reprodutivo; semiintensivo,38.52,0.5,60.0,3.53,2.0,,0.11,99.0,57.0,7.51,0.5,63.0,10.77,0.5,25.0,91.24,0.5,48.0,0.72,20.0,65.0,13.79,0.5,35.0,0.79,62.0,,58.0,0.63,24.0,53.0,3.82,2.0,63.0,14.96,0.5,68.0,2.13,0.5,61.0,0.96,99.0,65.0,28.75,0.5,57.0,0.66,19.0,,8.15,0.5,,12.57,0.5
8848.0,ILHEUS  GC DA SL,Nelore Pintado,GSCA1047,07/11/2018,43.7,po; novilhas; semiextensivo,8.3,40.0,19.0,0.58,48.0,,0.01,47.0,25.0,-0.84,84.0,26.0,-0.96,81.0,15.0,73.89,4.0,9.0,0.27,42.0,51.0,-0.12,70.0,12.0,4.98,87.0,,11.0,0.74,20.0,16.0,-0.1,62.0,54.0,-5.64,97.0,44.0,-0.5,87.0,51.0,-0.3,8.0,51.0,-5.76,91.0,24.0,0.77,16.0,,-2.11,92.0,,-3.3,92.0
9936.0,JHVM 22893 FIV CAMPARINO,Nelore PO,JHVM22893,20/09/2021,55.0,po; ifert; carcaca-4-estrelas; maternal; peso; semiintensivo,36.97,0.5,55.0,4.01,1.0,,0.05,90.0,39.0,6.4,1.0,56.0,6.64,5.0,24.0,81.4,1.0,27.0,2.44,0.1,61.0,6.85,13.0,8.0,-1.27,46.0,,52.0,-0.82,85.0,27.0,5.86,0.1,57.0,11.51,3.0,66.0,1.24,10.0,57.0,0.1,42.0,61.0,18.36,5.0,63.0,2.99,0.1,,9.16,0.1,,14.46,0.1
8979.0,ITUXI  DO GOLIAS,Nelore PO,FSAT4567,13/09/2019,38.9,po; carcaca-5-estrelas; novilhas; semiintensivo,9.58,36.0,11.0,1.66,22.0,,-0.04,6.0,7.0,3.88,11.0,8.0,2.1,45.0,7.0,61.15,19.0,8.0,1.04,11.0,16.0,-4.86,95.0,7.0,-11.58,2.0,,9.0,1.68,3.0,9.0,0.21,55.0,13.0,3.85,42.0,19.0,0.28,51.0,13.0,-0.51,3.0,16.0,-1.01,77.0,8.0,-0.45,65.0,,1.6,45.0,,1.03,60.0
9075.0,H1818 DA MDLO,Nelore PO,MDLO1818,30/09/2020,25.9,po; ifert; carcaca-4-estrelas; rp-ancp; maternal; peso; reprodutivo; semiintensivo,34.1,1.0,53.0,2.47,9.0,,0.06,97.0,54.0,3.73,13.0,48.0,8.24,2.0,21.0,77.91,2.0,51.0,0.56,27.0,55.0,12.18,1.0,36.0,-14.32,0.5,,42.0,0.89,15.0,46.0,4.23,2.0,47.0,15.5,0.5,65.0,2.43,0.5,41.0,0.74,96.0,55.0,27.68,0.5,61.0,1.3,6.0,,9.24,0.1,,12.93,0.5
9541.0,I2366 DA MODELO,Nelore PO,MDLO2366,22/09/2021,25.9,po; carcaca-4-estrelas; maternal; peso; reprodutivo; semiintensivo,44.68,0.1,57.0,6.4,0.1,,0.05,93.0,48.0,7.27,0.5,20.0,10.84,0.5,22.0,84.2,1.0,45.0,3.08,0.1,27.0,14.05,0.5,33.0,-5.96,16.0,,8.0,-0.21,62.0,42.0,3.32,4.0,26.0,15.26,0.5,46.0,2.11,1.0,22.0,0.26,60.0,27.0,29.31,0.5,56.0,1.6,3.0,,7.45,1.0,,11.93,1.0
9799.0,9624 JR TAR,Nelore PO,JRBT B9624,07/09/2021,31.2,po; carcaca-5-estrelas; car; maternal; peso; reprodutivo; semiextensivo,30.15,2.0,6.0,3.13,4.0,,-0.01,24.0,10.0,5.32,3.0,11.0,8.73,1.0,5.0,71.1,6.0,5.0,1.27,6.0,14.0,7.93,9.0,5.0,-4.94,21.0,,4.0,1.36,6.0,8.0,3.89,2.0,19.0,16.97,0.1,19.0,1.96,1.0,24.0,1.15,99.0,14.0,24.9,1.0,13.0,0.88,13.0,,8.7,0.5,,14.08,0.5
8031.0,KOCHI KA,Nelore PO,KAPO330,20/10/2014,343.9,po; ceip; ifert; carcaca-5-estrelas; car; peso; reprodutivo; semiextensivo,24.11,5.0,82.0,5.16,0.1,,0.04,82.0,77.0,4.44,7.0,81.0,7.78,3.0,63.0,67.77,9.0,75.0,1.7,2.0,84.0,7.44,11.0,68.0,-9.63,5.0,,80.0,2.63,0.1,76.0,-3.12,99.0,83.0,11.28,4.0,86.0,2.14,0.5,82.0,0.33,68.0,84.0,18.71,5.0,79.0,-0.53,68.0,,0.29,65.0,,1.3,58.0
8945.0,MAAB VINDOURO,Nelore PO,MAB2580,09/11/2014,31.2,po; car; peso; semiintensivo,6.89,45.0,65.0,0.64,47.0,,0.0,42.0,60.0,3.77,12.0,65.0,4.0,23.0,32.0,49.31,48.0,58.0,-0.93,93.0,68.0,5.23,23.0,53.0,-6.44,14.0,,64.0,0.55,27.0,58.0,0.85,39.0,66.0,9.96,7.0,70.0,0.05,64.0,63.0,0.79,97.0,68.0,15.19,11.0,62.0,-1.16,89.0,,3.64,17.0,,5.66,18.0
11913.0,MALBEC FC CACHOEIRÃO,Nelore PO,FCCH3216,10/07/2023,31.2,po; carcaca-4-estrelas; car; peso; reprodutivo; semiintensivo,47.02,0.1,58.0,4.86,0.5,,0.03,79.0,49.0,8.3,0.1,58.0,13.11,0.1,23.0,93.97,0.1,45.0,1.95,1.0,60.0,18.22,0.1,35.0,-14.26,0.5,,56.0,0.18,43.0,45.0,2.97,7.0,55.0,23.93,0.1,66.0,2.6,0.1,54.0,2.04,99.0,60.0,42.16,0.1,57.0,0.09,41.0,,10.49,0.1,,16.47,0.1
11937.0,MAQUINA FIV FVC,Nelore PO,FVCP3119,01/07/2023,31.2,po; carcaca-5-estrelas; car; maternal; peso; reprodutivo; semiintensivo,46.05,0.1,61.0,5.39,0.1,,-0.02,17.0,52.0,6.01,2.0,60.0,10.1,0.5,23.0,90.82,0.5,49.0,2.32,0.5,62.0,15.95,0.1,35.0,-4.83,22.0,,59.0,1.3,7.0,45.0,3.95,2.0,58.0,20.15,0.1,68.0,2.17,0.5,57.0,1.09,99.0,62.0,36.1,0.1,55.0,1.29,6.0,,9.67,0.1,,15.87,0.1
4936.0,MAREL DO IZ,Nelore PO,I3157,08/09/1992,31.2,po; novilhas; semiextensivo,8.51,39.0,80.0,0.75,44.0,,0.0,43.0,77.0,1.09,54.0,80.0,3.76,25.0,74.0,53.13,37.0,73.0,0.94,13.0,83.0,4.3,30.0,75.0,-4.01,27.0,,77.0,0.8,18.0,79.0,0.27,53.0,82.0,-0.08,75.0,85.0,-0.11,72.0,82.0,-0.09,22.0,83.0,4.23,54.0,78.0,-0.19,53.0,,-0.06,70.0,,-1.11,79.0
8471.0,MAROTO DA ELGE,Nelore PO,ELGE4789,09/12/2016,24.8,po; maternal; novilhas; semiextensivo,20.18,10.0,76.0,0.47,51.0,,0.09,99.0,73.0,3.62,14.0,76.0,5.43,11.0,29.0,71.48,6.0,72.0,0.48,31.0,78.0,4.59,28.0,70.0,1.06,64.0,,75.0,0.4,33.0,72.0,3.52,4.0,76.0,2.5,54.0,79.0,0.69,29.0,75.0,-0.19,14.0,78.0,7.09,40.0,60.0,1.81,2.0,,4.29,12.0,,6.66,12.0
8318.0,MASTER DA GREN,Nelore PO,GRENA2618,25/08/2016,33.9,po; ifert; carcaca-4-estrelas; car; pnat; novilhas; semiextensivo,11.58,29.0,68.0,0.59,48.0,,-0.02,17.0,61.0,1.94,38.0,67.0,3.45,28.0,55.0,66.82,10.0,59.0,0.73,20.0,75.0,0.0,69.0,57.0,0.8,62.0,,66.0,2.07,1.0,64.0,0.36,51.0,73.0,1.07,66.0,77.0,0.05,64.0,70.0,-0.26,11.0,75.0,1.08,69.0,63.0,0.86,13.0,,0.33,65.0,,0.59,65.0
8249.0,MISTERIO  CASS,Nelore PO,CASS1957,17/06/2015,209.0,po; semiintensivo,-11.24,93.0,74.0,-1.35,91.0,,0.01,57.0,70.0,-1.18,88.0,73.0,-0.16,74.0,68.0,36.55,81.0,69.0,-1.09,96.0,78.0,-2.43,86.0,68.0,4.33,84.0,,73.0,-2.93,99.0,72.0,-3.47,99.0,76.0,0.32,72.0,79.0,-0.47,86.0,75.0,0.39,74.0,78.0,-2.1,81.0,67.0,-0.89,81.0,,-2.8,95.0,,-4.92,97.0
8706.0,MORRAD DA PEÇA RARA,Nelore PO,PECA7885,22/01/2019,24.8,po; ceip; carcaca-3-estrelas; car; peso; reprodutivo; semiintensivo,14.75,21.0,6.0,2.81,6.0,,0.07,98.0,14.0,5.47,3.0,16.0,8.29,2.0,14.0,60.01,21.0,3.0,0.34,38.0,44.0,9.92,4.0,12.0,-4.66,23.0,,3.0,0.62,24.0,18.0,-2.81,98.0,36.0,10.15,6.0,30.0,0.65,31.0,27.0,0.91,99.0,44.0,20.07,4.0,21.0,-1.73,97.0,,-0.05,70.0,,0.9,62.0
9074.0,H1666 DA MDLO,Nelore PO,MDLO1666,16/11/2020,25.9,po; ifert; carcaca-5-estrelas; maternal; peso; reprodutivo; semiintensivo,41.48,0.1,67.0,2.39,10.0,,0.1,99.0,52.0,5.81,2.0,66.0,9.42,1.0,26.0,87.17,0.5,52.0,2.26,0.5,69.0,17.1,0.1,37.0,-11.31,3.0,,64.0,0.22,41.0,46.0,1.98,18.0,62.0,18.79,0.1,72.0,2.3,0.5,60.0,0.71,95.0,69.0,35.89,0.1,61.0,1.21,7.0,,7.45,1.0,,11.91,1.0
9755.0,I2504 DA MODELO,Nelore PO,MDLO2504,21/09/2021,33.9,po; ifert; carcaca-4-estrelas; car; peso; reprodutivo; semiextensivo,37.74,0.5,62.0,2.59,8.0,,0.07,98.0,53.0,7.49,0.5,62.0,10.15,0.5,24.0,85.88,0.5,49.0,3.62,0.1,63.0,10.95,2.0,36.0,-7.85,9.0,,60.0,-1.55,98.0,48.0,1.34,29.0,59.0,9.15,9.0,68.0,2.05,1.0,58.0,0.53,85.0,63.0,20.1,4.0,60.0,1.99,1.0,,3.43,19.0,,7.49,9.0
10900.0,6527 FIV DA ELGE,Nelore PO,ELGE6527,07/11/2021,31.2,po; carcaca-5-estrelas; novilhas; extensivo,18.39,13.0,56.0,3.12,4.0,,0.03,73.0,49.0,3.04,21.0,55.0,5.99,8.0,25.0,66.67,10.0,46.0,1.86,1.0,57.0,4.54,28.0,37.0,5.99,91.0,,55.0,2.09,1.0,45.0,0.06,58.0,53.0,0.26,72.0,61.0,0.36,46.0,52.0,-0.32,7.0,57.0,4.8,51.0,53.0,1.04,10.0,,0.75,58.0,,-0.24,72.0
9070.0,NIMBUS KA,Nelore PO,KAPO1987,09/11/2017,38.9,po; ifert; carcaca-4-estrelas; peso; reprodutivo; semiextensivo,19.68,11.0,80.0,2.38,10.0,,0.01,44.0,75.0,7.18,0.5,76.0,8.1,2.0,35.0,78.78,2.0,74.0,0.56,27.0,80.0,1.84,52.0,71.0,-0.65,51.0,,74.0,2.37,0.5,73.0,-3.22,99.0,79.0,11.81,3.0,84.0,2.57,0.1,78.0,0.92,99.0,80.0,13.65,15.0,67.0,-0.19,53.0,,1.11,53.0,,1.34,57.0
9685.0,5244 KATISPERA,Nelore PO,KAT5244,01/10/2021,31.2,po; carcaca-5-estrelas; maternal; peso; reprodutivo; semiextensivo,28.87,2.0,58.0,2.27,11.0,,0.14,99.0,48.0,6.12,2.0,58.0,9.81,0.5,29.0,74.65,4.0,49.0,1.19,7.0,61.0,9.32,5.0,39.0,-1.75,43.0,,56.0,0.91,15.0,42.0,1.61,24.0,57.0,13.47,2.0,68.0,2.4,0.5,57.0,0.44,78.0,61.0,22.78,2.0,60.0,-0.24,56.0,,5.39,5.0,,8.16,6.0
9058.0,NÓRDICO KA,Nelore PO,KAPM7918,29/11/2017,36.5,po; ifert; carcaca-3-estrelas; car; maternal; peso; reprodutivo; semiintensivo,29.91,2.0,71.0,4.86,0.5,,0.07,99.0,65.0,3.1,20.0,70.0,6.07,8.0,30.0,72.13,5.0,63.0,-0.68,87.0,73.0,8.74,6.0,55.0,-12.26,2.0,,66.0,-0.27,64.0,61.0,5.17,0.5,71.0,12.28,2.0,78.0,1.71,3.0,70.0,0.3,64.0,73.0,21.02,3.0,66.0,1.47,4.0,,8.63,0.5,,13.66,0.5
8287.0,ORACULO DA DI GÊNIO,Nelore PO,JCDG9105,10/09/2016,25.9,po; peso; reprodutivo; semiintensivo,17.38,15.0,65.0,0.82,42.0,,0.02,70.0,59.0,4.07,10.0,64.0,4.84,15.0,28.0,67.78,9.0,56.0,0.36,37.0,71.0,4.54,28.0,52.0,-9.0,6.0,,64.0,-0.82,85.0,60.0,0.08,58.0,69.0,11.42,4.0,73.0,1.03,16.0,68.0,0.44,78.0,71.0,15.96,9.0,63.0,-0.26,56.0,,3.26,21.0,,6.16,15.0
8873.0,OSMIO KA,Nelore PO,KAPM8386,06/09/2018,25.9,po; carcaca-3-estrelas; maternal; peso; reprodutivo; semiintensivo,23.29,6.0,68.0,1.41,27.0,,0.06,96.0,54.0,2.09,35.0,59.0,5.36,12.0,29.0,77.12,3.0,54.0,0.12,50.0,68.0,7.26,11.0,40.0,-22.79,0.1,,53.0,1.56,4.0,51.0,1.79,21.0,65.0,7.07,18.0,75.0,0.97,17.0,62.0,0.48,81.0,68.0,14.33,13.0,59.0,0.98,11.0,,3.29,21.0,,6.11,15.0
8817.0,PACTUAL KA,Nelore PO,KAPO3331,29/08/2019,21.9,po; carcaca-3-estrelas; maternal; peso; reprodutivo; semiintensivo,28.59,3.0,37.0,0.5,51.0,,0.09,99.0,20.0,3.29,18.0,22.0,6.78,5.0,8.0,79.43,2.0,24.0,0.8,17.0,42.0,12.35,1.0,13.0,-12.78,2.0,,7.0,0.48,30.0,20.0,0.71,43.0,41.0,11.87,3.0,41.0,2.79,0.1,39.0,1.08,99.0,42.0,24.22,1.0,26.0,0.69,18.0,,4.38,11.0,,7.39,9.0
8118.0,PAGORAN IZ,Nelore PO,IZSNA4024,07/10/2015,38.9,po; carcaca-3-estrelas; car; maternal; novilhas; reprodutivo; semiintensivo,19.02,12.0,76.0,0.55,49.0,,0.03,76.0,76.0,1.67,43.0,77.0,2.84,35.0,23.0,63.01,15.0,75.0,0.81,17.0,77.0,8.03,8.0,75.0,-0.08,55.0,,76.0,0.74,20.0,75.0,2.26,14.0,77.0,5.98,25.0,78.0,0.05,64.0,77.0,-0.93,0.1,77.0,14.01,14.0,49.0,0.81,15.0,,2.78,27.0,,6.16,15.0
8874.0,PHD KA,Nelore PO,KAPM10287,25/11/2019,38.9,po; ifert; carcaca-4-estrelas; maternal; peso; reprodutivo; semiintensivo,31.22,2.0,64.0,6.29,0.1,,0.13,99.0,42.0,5.22,4.0,53.0,8.33,2.0,22.0,77.86,2.0,38.0,0.08,52.0,67.0,13.69,0.5,20.0,-1.74,43.0,,37.0,1.61,3.0,28.0,-0.23,65.0,64.0,18.83,0.1,74.0,2.55,0.1,61.0,2.09,99.0,67.0,32.52,0.1,59.0,0.15,38.0,,6.03,3.0,,9.52,3.0
8978.0,PITBULL  DO GOLIAS,Nelore PO,FSAT4695,16/03/2020,24.8,po; carcaca-5-estrelas; novilhas; semiextensivo,5.19,51.0,12.0,2.04,15.0,,0.01,53.0,10.0,3.27,18.0,11.0,0.34,68.0,7.0,55.42,31.0,8.0,1.45,4.0,17.0,-0.62,74.0,7.0,-3.47,30.0,,16.0,2.12,1.0,10.0,-2.0,93.0,15.0,0.65,70.0,20.0,-0.61,90.0,14.0,-0.44,4.0,17.0,0.03,73.0,12.0,-1.59,96.0,,-1.98,91.0,,-3.69,93.0
8980.0,QATAR DA DI GÊNIO,Nelore PO,JCDG12029,23/08/2018,43.7,po; ceip; ifert; pnat; maternal; peso; reprodutivo; semiextensivo,22.01,8.0,67.0,1.55,24.0,,0.03,80.0,62.0,5.04,4.0,66.0,6.63,5.0,25.0,73.61,4.0,57.0,-1.07,95.0,75.0,7.06,12.0,53.0,-5.38,19.0,,65.0,-0.32,66.0,63.0,1.74,21.0,75.0,16.2,0.5,77.0,1.55,4.0,74.0,0.58,89.0,75.0,23.25,2.0,62.0,-0.49,67.0,,6.32,3.0,,10.43,2.0
8243.0,QUANTICO IZ,Nelore PO,IZSNA4252,02/09/2016,25.9,po; carcaca-3-estrelas; maternal; novilhas; semiintensivo,14.28,22.0,53.0,1.85,18.0,,0.05,94.0,46.0,1.44,47.0,54.0,3.25,31.0,22.0,49.52,47.0,37.0,1.03,11.0,58.0,5.25,23.0,30.0,3.41,79.0,,52.0,0.93,14.0,39.0,1.5,26.0,52.0,4.02,41.0,76.0,0.6,34.0,52.0,-0.78,0.5,58.0,9.27,30.0,52.0,1.21,7.0,,2.32,34.0,,4.21,29.0
10910.0,1350 FIV DO MORRO,Nelore PO,GFC1350,08/09/2022,31.2,po; carcaca-5-estrelas; car; maternal; novilhas; peso; reprodutivo; semiintensivo,35.35,0.5,59.0,3.7,2.0,,0.07,99.0,50.0,4.4,7.0,59.0,7.36,3.0,22.0,84.45,1.0,47.0,3.43,0.1,61.0,6.01,18.0,39.0,-2.77,35.0,,57.0,3.23,0.1,47.0,2.21,14.0,55.0,9.37,8.0,66.0,1.39,7.0,53.0,-0.09,22.0,61.0,15.38,10.0,58.0,2.54,0.5,,4.56,10.0,,7.78,8.0
9064.0,QUEST KA,Nelore PO,KPAM38,21/07/2020,36.5,po; ifert; carcaca-5-estrelas; rp-ancp; novilhas; peso; reprodutivo; semiextensivo,24.95,5.0,65.0,3.81,2.0,,0.05,93.0,60.0,3.72,13.0,64.0,5.92,8.0,24.0,74.81,3.0,58.0,1.0,12.0,70.0,3.02,41.0,52.0,-12.63,2.0,,61.0,2.61,0.1,56.0,0.32,52.0,68.0,5.84,26.0,72.0,1.48,5.0,67.0,-0.93,0.1,70.0,8.86,32.0,58.0,1.16,8.0,,1.27,50.0,,3.25,38.0
8652.0,QUICKMAN COL,Nelore PO,COL24926,23/11/2016,55.0,po; ifert; carcaca-4-estrelas; maternal; novilhas; peso; reprodutivo; semiintensivo,22.62,7.0,79.0,2.27,11.0,,0.03,76.0,68.0,6.91,0.5,76.0,5.1,13.0,27.0,75.6,3.0,66.0,0.31,40.0,80.0,3.72,35.0,42.0,-2.77,35.0,,72.0,-0.61,78.0,62.0,1.06,35.0,79.0,7.85,14.0,84.0,1.76,2.0,77.0,0.08,39.0,80.0,11.57,21.0,76.0,1.57,3.0,,3.37,20.0,,5.89,17.0
8477.0,RAGHAN DO IZ,Nelore PO,IZSNA4778,20/10/2017,33.9,po; carcaca-3-estrelas; peso; semiextensivo,16.9,16.0,76.0,1.35,28.0,,0.1,99.0,75.0,2.85,23.0,76.0,5.2,13.0,26.0,65.81,11.0,74.0,0.9,14.0,77.0,6.9,13.0,74.0,-4.0,27.0,,75.0,-0.04,54.0,75.0,-1.05,81.0,77.0,9.27,9.0,78.0,1.35,7.0,76.0,0.23,56.0,77.0,16.18,9.0,54.0,-1.82,98.0,,1.39,48.0,,2.14,49.0
8456.0,RAGHU COL,Nelore PO,COL25662,04/12/2017,45.4,po; ifert; carcaca-3-estrelas; car; maternal; novilhas; extensivo,11.6,29.0,74.0,-1.23,89.0,,-0.05,3.0,70.0,0.47,65.0,72.0,0.54,65.0,26.0,64.23,14.0,69.0,1.29,6.0,76.0,-2.66,87.0,67.0,1.87,70.0,,72.0,-0.95,89.0,69.0,1.99,17.0,75.0,-2.86,90.0,78.0,1.2,11.0,74.0,-0.74,0.5,76.0,-5.52,91.0,59.0,2.81,0.1,,0.6,61.0,,0.85,62.0
7802.0,RAI DA MN,Nelore PO,LBMND8484,13/08/2013,45.4,po; ifert; carcaca-5-estrelas; car; maternal; novilhas; semiextensivo,25.87,4.0,84.0,2.01,15.0,,-0.03,8.0,80.0,3.7,13.0,84.0,5.73,9.0,73.0,67.97,9.0,78.0,1.89,1.0,86.0,5.91,19.0,74.0,-7.4,10.0,,84.0,1.29,7.0,79.0,5.03,0.5,84.0,0.41,71.0,87.0,0.13,59.0,84.0,-0.99,0.1,86.0,6.32,44.0,81.0,3.04,0.1,,4.46,10.0,,7.05,10.0
9189.0,4436  DA TERRA BRAVA,Nelore PO,EPCF4436,06/09/2020,31.2,po; carcaca-5-estrelas; car; peso; reprodutivo; semiextensivo,27.99,3.0,68.0,2.26,11.0,,0.05,92.0,59.0,4.88,5.0,66.0,6.85,5.0,26.0,77.72,2.0,58.0,2.86,0.1,69.0,4.02,32.0,49.0,-3.88,28.0,,66.0,1.78,2.0,54.0,1.61,24.0,66.0,10.13,6.0,74.0,1.5,5.0,66.0,0.72,95.0,69.0,14.16,13.0,61.0,1.82,2.0,,5.74,4.0,,7.17,10.0
9877.0,KPAO1180 KA,Nelore PO,KPAO1180,18/09/2021,31.2,po; carcaca-5-estrelas; car; maternal; peso; reprodutivo; semiintensivo,24.82,5.0,73.0,5.5,0.1,,0.01,52.0,71.0,7.47,0.5,73.0,8.8,1.0,23.0,67.38,9.0,46.0,1.06,10.0,74.0,6.14,17.0,69.0,4.41,84.0,,72.0,3.72,0.1,70.0,0.87,39.0,74.0,18.15,0.1,75.0,0.71,28.0,74.0,1.13,99.0,74.0,24.29,1.0,56.0,0.03,43.0,,6.44,2.0,,10.37,2.0
8254.0,REM FOX,Nelore PO,REMA1117,09/10/2016,18.7,po; carcaca-4-estrelas; maternal; peso; reprodutivo; semiintensivo,21.79,8.0,65.0,3.21,3.0,,0.17,99.0,60.0,3.81,12.0,64.0,7.1,4.0,25.0,59.5,22.0,58.0,-0.09,61.0,67.0,9.28,5.0,54.0,-12.46,2.0,,63.0,1.68,3.0,59.0,2.41,12.0,64.0,12.97,2.0,71.0,1.12,13.0,62.0,0.74,96.0,67.0,22.24,2.0,56.0,0.39,28.0,,5.72,4.0,,10.04,3.0
8253.0,REM FUZIL,Nelore PO,REMA798,11/08/2016,18.7,po; carcaca-4-estrelas; peso; semiextensivo,12.47,27.0,75.0,1.75,20.0,,0.05,92.0,69.0,3.82,12.0,74.0,7.23,4.0,30.0,50.21,46.0,68.0,0.33,38.0,75.0,8.33,7.0,63.0,1.8,69.0,,74.0,0.81,18.0,68.0,-2.53,96.0,72.0,9.21,9.0,78.0,1.83,2.0,72.0,-0.04,26.0,75.0,17.54,6.0,68.0,-1.4,93.0,,-0.05,70.0,,0.27,68.0
8526.0,REM GERENTE GENETICA ADITIVA,Nelore PO,REMA1577,24/08/2017,33.9,po; ifert; carcaca-5-estrelas; peso; semiextensivo,29.06,2.0,71.0,6.54,0.1,,0.11,99.0,69.0,5.75,2.0,71.0,7.36,3.0,24.0,70.91,6.0,68.0,1.3,5.0,72.0,10.04,3.0,35.0,-7.85,9.0,,70.0,2.25,0.5,46.0,1.81,20.0,71.0,13.21,2.0,75.0,0.09,62.0,70.0,0.43,78.0,72.0,23.24,2.0,59.0,-0.11,50.0,,5.53,5.0,,9.03,4.0
8899.0,REM HADOQUE GENETICA ADITIVA,Nelore PO,REMCA2215,01/10/2018,33.9,po; ifert; carcaca-3-estrelas; peso; reprodutivo; semiintensivo,22.35,7.0,58.0,-0.32,72.0,,0.22,99.0,52.0,5.53,3.0,59.0,7.36,3.0,25.0,71.1,6.0,49.0,0.69,22.0,62.0,9.49,4.0,34.0,-8.78,7.0,,56.0,-0.32,67.0,49.0,1.25,31.0,60.0,11.7,3.0,65.0,1.78,2.0,58.0,0.95,99.0,62.0,21.18,3.0,56.0,0.0,45.0,,5.13,6.0,,7.4,9.0
8700.0,REM HAVARD GENETICA ADITIVA,Nelore PO,REM10436,21/11/2018,33.9,po; carcaca-5-estrelas; maternal; peso; reprodutivo; semiextensivo,33.18,1.0,53.0,5.21,0.1,,0.03,72.0,24.0,2.84,23.0,52.0,5.11,13.0,26.0,74.8,4.0,14.0,1.51,3.0,57.0,11.62,2.0,41.0,-6.51,14.0,,47.0,1.45,5.0,17.0,2.94,7.0,47.0,8.49,11.0,66.0,1.84,2.0,30.0,0.27,61.0,57.0,20.11,3.0,64.0,2.37,0.5,,5.24,6.0,,8.58,5.0
10897.0,REM2101M FIV GENETICA ADITIVA,Nelore PO,REMP2101,26/11/2022,31.2,po; carcaca-5-estrelas; car; maternal; peso; reprodutivo; semiextensivo,44.1,0.1,59.0,5.44,0.1,,0.01,52.0,51.0,6.25,1.0,57.0,7.69,3.0,24.0,91.82,0.1,47.0,2.44,0.1,59.0,12.14,1.0,36.0,-4.62,23.0,,58.0,1.07,11.0,39.0,4.67,1.0,57.0,15.47,0.5,69.0,1.95,1.0,55.0,1.12,99.0,59.0,27.61,0.5,58.0,3.51,0.1,,9.58,0.1,,14.52,0.1
8905.0,RENOMADO  COL,Nelore PO,COL25846,11/01/2018,31.2,po; ifert; carcaca-3-estrelas; car; maternal; reprodutivo; semiintensivo,20.77,9.0,61.0,2.39,10.0,,-0.03,12.0,54.0,2.79,24.0,32.0,3.76,25.0,26.0,73.71,4.0,51.0,-0.57,83.0,42.0,6.42,16.0,40.0,-13.8,1.0,,59.0,-0.41,71.0,50.0,2.44,11.0,29.0,3.29,47.0,56.0,1.27,9.0,26.0,0.74,96.0,42.0,9.71,28.0,62.0,2.41,0.5,,3.79,16.0,,5.47,19.0
8900.0,RIFLE DA DI GÊNIO,Nelore PO,JCDG13999,20/08/2019,31.2,po; ifert; carcaca-4-estrelas; pnat; maternal; peso; semiintensivo,21.1,9.0,70.0,2.98,5.0,,0.0,35.0,66.0,3.15,19.0,69.0,3.48,28.0,27.0,63.64,14.0,65.0,-0.1,62.0,72.0,6.93,13.0,63.0,-7.71,9.0,,69.0,0.84,17.0,65.0,3.47,4.0,71.0,8.24,13.0,73.0,1.37,7.0,70.0,0.58,89.0,72.0,15.17,11.0,59.0,1.92,1.0,,6.51,2.0,,8.51,5.0
9443.0,2163 FIV PHOC,Nelore PO,PHOC2163,21/09/2021,33.9,po; ifert; carcaca-5-estrelas; car; maternal; peso; semiextensivo,21.09,9.0,56.0,3.51,2.0,,0.01,50.0,25.0,5.58,3.0,56.0,6.39,6.0,26.0,67.63,9.0,14.0,1.77,2.0,61.0,1.52,55.0,9.0,9.86,98.0,,53.0,1.61,3.0,11.0,2.19,15.0,51.0,11.71,3.0,66.0,1.05,15.0,48.0,1.26,99.0,61.0,13.23,16.0,64.0,1.31,6.0,,6.52,2.0,,8.75,5.0
10992.0,C2837 DA S. NICE,Nelore PO,GRIC2837,07/10/2021,31.2,po; carcaca-5-estrelas; maternal; peso; reprodutivo; semiintensivo,32.23,1.0,59.0,3.0,5.0,,0.03,74.0,48.0,6.55,1.0,58.0,9.33,1.0,24.0,78.85,2.0,45.0,2.86,0.1,60.0,7.99,9.0,35.0,-4.36,25.0,,58.0,1.11,10.0,44.0,3.1,6.0,53.0,7.35,17.0,65.0,0.76,26.0,56.0,0.64,92.0,60.0,15.34,10.0,58.0,2.65,0.1,,4.97,7.0,,9.1,4.0
8868.0,ROCHEDO DA ELGE,Nelore PO,ELGE5508,15/10/2018,33.9,po; ifert; carcaca-4-estrelas; car; atj-plus; maternal; novilhas; peso; semiextensivo,23.42,6.0,74.0,0.89,40.0,,0.03,77.0,71.0,6.33,1.0,73.0,6.88,5.0,26.0,63.39,15.0,71.0,2.12,0.5,74.0,6.32,16.0,69.0,0.65,61.0,,73.0,0.41,33.0,70.0,3.69,3.0,74.0,7.49,16.0,75.0,0.77,25.0,73.0,-0.38,5.0,74.0,13.81,14.0,55.0,0.9,13.0,,5.4,5.0,,8.37,6.0
9880.0,KPAM1484 KA,Nelore PO,KPAM1484,06/08/2021,33.9,po; ifert; carcaca-5-estrelas; car; maternal; novilhas; peso; reprodutivo; semiintensivo,31.18,2.0,63.0,3.18,4.0,,-0.05,3.0,59.0,5.01,4.0,63.0,7.32,4.0,20.0,79.72,2.0,57.0,1.05,10.0,66.0,8.3,8.0,52.0,-11.43,2.0,,61.0,1.4,5.0,56.0,1.79,20.0,65.0,12.88,2.0,67.0,1.63,3.0,64.0,-0.18,15.0,66.0,21.18,3.0,56.0,0.75,16.0,,5.12,6.0,,8.78,5.0
9878.0,KPAM1356 KA,Nelore PO,KPAM1356,02/08/2021,24.8,po; carcaca-3-estrelas; car; maternal; peso; reprodutivo; semiintensivo,26.6,4.0,54.0,2.82,6.0,,0.06,97.0,58.0,6.13,2.0,62.0,6.24,7.0,20.0,75.82,3.0,42.0,0.3,40.0,64.0,13.96,0.5,31.0,1.8,69.0,,51.0,0.45,31.0,55.0,1.71,22.0,64.0,12.99,2.0,67.0,1.63,3.0,62.0,1.35,99.0,64.0,26.95,0.5,54.0,-0.4,63.0,,5.53,5.0,,7.98,7.0
8651.0,SCOTT COL,Nelore PO,COL26329,04/12/2018,18.7,po; carcaca-3-estrelas; car; maternal; peso; reprodutivo; semiintensivo,20.95,9.0,59.0,1.48,25.0,,-0.01,29.0,50.0,4.71,6.0,57.0,5.29,12.0,26.0,74.0,4.0,48.0,-0.01,57.0,60.0,2.17,49.0,39.0,-13.06,1.0,,56.0,-1.14,92.0,46.0,2.26,14.0,55.0,5.43,29.0,64.0,1.74,3.0,54.0,0.15,47.0,60.0,7.61,38.0,58.0,2.14,0.5,,4.11,13.0,,5.56,19.0
10935.0,KPAO1792 KA,Nelore PO,KPAO1792,30/07/2022,31.2,po; carcaca-4-estrelas; maternal; peso; reprodutivo; semiextensivo,47.54,0.1,55.0,3.19,4.0,,0.1,99.0,47.0,7.74,0.5,55.0,11.31,0.1,24.0,88.15,0.5,43.0,3.08,0.1,57.0,20.04,0.1,35.0,-11.0,3.0,,53.0,-0.11,57.0,43.0,3.28,5.0,37.0,17.57,0.1,52.0,2.68,0.1,36.0,0.65,92.0,57.0,37.61,0.1,54.0,1.39,5.0,,7.57,1.0,,13.71,0.5
8721.0,SERTÃO DO IZ,Nelore PO,IZSNA4977,26/09/2018,31.2,po; ifert; peso; reprodutivo; semiextensivo,9.4,36.0,77.0,-0.29,71.0,,0.01,50.0,76.0,1.62,44.0,77.0,2.57,39.0,23.0,56.96,28.0,76.0,0.04,54.0,79.0,4.44,29.0,75.0,-0.91,49.0,,76.0,0.52,28.0,76.0,0.34,52.0,79.0,4.0,41.0,80.0,0.64,32.0,77.0,0.29,63.0,79.0,8.43,34.0,58.0,0.49,25.0,,1.34,49.0,,2.46,46.0
10937.0,KPAM3028 KA,Nelore PO,KPAM3028,28/07/2022,31.2,po; carcaca-5-estrelas; maternal; peso; reprodutivo; semiintensivo,35.68,0.5,57.0,2.9,5.0,,0.11,99.0,48.0,6.17,2.0,50.0,6.08,8.0,23.0,83.71,1.0,46.0,1.6,2.0,54.0,9.93,4.0,35.0,-15.45,0.5,,54.0,1.44,5.0,32.0,3.97,2.0,52.0,12.42,2.0,59.0,1.92,2.0,52.0,0.63,91.0,54.0,22.35,2.0,56.0,2.12,0.5,,7.92,0.5,,12.44,0.5
9176.0,SONITO G.SALES,Nelore PO,MFBN7479,11/10/2020,21.9,po; carcaca-4-estrelas; car; maternal; peso; semiextensivo,10.3,33.0,59.0,0.33,55.0,,0.0,42.0,49.0,4.95,5.0,56.0,4.73,16.0,25.0,49.57,47.0,47.0,1.06,10.0,60.0,3.58,36.0,37.0,5.18,88.0,,56.0,2.66,0.1,47.0,2.1,16.0,54.0,8.35,12.0,65.0,-0.51,88.0,53.0,0.95,99.0,60.0,11.93,20.0,55.0,2.0,1.0,,5.18,6.0,,6.96,11.0
8638.0,STAFF DA BELA,Nelore PO,AZAP2625,20/09/2018,28.3,po; carcaca-3-estrelas; maternal; peso; semiextensivo,23.04,6.0,73.0,1.1,34.0,,0.06,95.0,69.0,5.65,2.0,71.0,9.02,1.0,25.0,65.82,11.0,69.0,1.7,2.0,74.0,10.81,2.0,66.0,-0.01,56.0,,71.0,-1.01,90.0,69.0,1.91,19.0,72.0,8.81,10.0,77.0,0.34,48.0,71.0,0.46,80.0,74.0,19.63,4.0,57.0,-0.1,49.0,,4.17,12.0,,7.26,10.0
8779.0,STAR  DO MURA,Nelore PO,MURA12542,18/08/2017,45.4,po; semiintensivo,10.35,33.0,69.0,-0.03,65.0,,0.06,94.0,65.0,2.82,24.0,70.0,3.74,25.0,27.0,58.2,25.0,63.0,-0.81,90.0,73.0,3.33,38.0,59.0,-4.14,26.0,,68.0,0.4,33.0,63.0,2.2,14.0,72.0,6.57,22.0,75.0,0.46,41.0,71.0,0.74,96.0,73.0,9.9,27.0,63.0,1.12,8.0,,4.54,10.0,,6.51,13.0
10931.0,KPAM3325 KA,Nelore PO,KPAM3325,06/09/2022,31.2,po; carcaca-4-estrelas; maternal; peso; reprodutivo; semiextensivo,38.98,0.5,54.0,3.55,2.0,,0.11,99.0,34.0,4.79,5.0,46.0,6.93,5.0,24.0,76.67,3.0,43.0,1.74,2.0,49.0,14.48,0.5,33.0,-12.46,2.0,,51.0,-0.11,57.0,21.0,5.38,0.5,51.0,8.33,12.0,55.0,2.79,0.1,51.0,0.1,41.0,49.0,22.8,2.0,53.0,3.12,0.1,,7.1,1.0,,11.63,1.0
10934.0,KPAM3634 KA,Nelore PO,KPAM3634,06/10/2022,31.2,po; carcaca-5-estrelas; maternal; peso; reprodutivo; semiintensivo,31.27,2.0,55.0,2.8,6.0,,0.11,99.0,46.0,9.64,0.1,53.0,9.91,0.5,19.0,87.27,0.5,43.0,1.38,4.0,56.0,4.99,25.0,32.0,-14.75,0.5,,52.0,1.24,8.0,41.0,0.84,40.0,53.0,17.32,0.1,61.0,1.52,5.0,56.0,1.11,99.0,56.0,22.31,2.0,53.0,0.62,20.0,,5.63,4.0,,10.33,2.0
8951.0,TAITI  COL,Nelore PO,COL27123,10/12/2019,24.8,po; carcaca-4-estrelas; car; peso; reprodutivo; semiintensivo,22.06,8.0,47.0,2.32,11.0,,0.01,44.0,26.0,4.45,7.0,40.0,5.74,9.0,22.0,74.38,4.0,22.0,1.31,5.0,51.0,6.95,13.0,32.0,-3.67,29.0,,33.0,-0.2,61.0,13.0,-0.67,74.0,44.0,10.94,4.0,56.0,0.67,30.0,41.0,0.76,96.0,51.0,17.89,6.0,53.0,0.23,35.0,,1.6,45.0,,5.3,21.0
8999.0,TAJASWI COL,Nelore PO,COL27267,17/01/2020,33.9,po; ifert; carcaca-3-estrelas; maternal; peso; reprodutivo; semiintensivo,26.0,4.0,69.0,5.62,0.1,,0.11,99.0,58.0,6.97,0.5,63.0,6.2,7.0,24.0,75.3,3.0,58.0,-0.53,82.0,69.0,1.8,53.0,50.0,-1.18,47.0,,60.0,-0.11,57.0,54.0,3.88,2.0,66.0,14.01,1.0,74.0,1.87,2.0,64.0,1.25,99.0,69.0,15.82,9.0,56.0,2.02,1.0,,8.91,0.5,,12.94,0.5
9002.0,TAKASHI COL,Nelore PO,COLM6002,20/01/2020,36.5,po; ifert; maternal; novilhas; peso; reprodutivo; semiintensivo,25.76,4.0,62.0,0.97,38.0,,0.0,40.0,34.0,8.73,0.1,49.0,6.1,8.0,28.0,83.79,1.0,34.0,-0.44,78.0,66.0,3.25,39.0,11.0,-1.71,43.0,,47.0,-1.91,99.0,19.0,2.77,8.0,64.0,8.8,10.0,72.0,2.14,0.5,59.0,0.04,34.0,66.0,12.05,19.0,57.0,2.25,0.5,,4.93,7.0,,9.48,3.0
9761.0,TEIXOR G.SALES,Nelore PO,MFBN9170,11/11/2021,36.5,po; ifert; carcaca-4-estrelas; car; atj-plus; maternal; novilhas; semiextensivo,25.67,4.0,66.0,3.39,3.0,,-0.06,1.0,65.0,3.96,11.0,67.0,7.16,4.0,22.0,68.25,8.0,63.0,0.43,33.0,70.0,9.08,5.0,61.0,-5.89,16.0,,65.0,0.76,19.0,63.0,3.28,5.0,69.0,0.27,72.0,71.0,0.95,18.0,67.0,-0.79,0.5,70.0,9.35,30.0,52.0,2.66,0.1,,2.27,35.0,,5.14,22.0
8793.0,TEMPO COL,Nelore PO,COL26971,29/10/2019,36.5,po; carcaca-3-estrelas; car; maternal; reprodutivo; semiextensivo,20.18,10.0,52.0,2.89,5.0,,-0.03,12.0,32.0,3.67,13.0,34.0,3.5,28.0,25.0,67.35,9.0,28.0,0.09,51.0,61.0,4.67,27.0,16.0,-9.29,5.0,,37.0,-1.59,98.0,24.0,2.53,10.0,60.0,3.74,43.0,68.0,1.12,13.0,56.0,0.15,47.0,61.0,8.41,34.0,59.0,2.53,0.5,,4.13,13.0,,5.6,19.0
10142.0,C3747 DA S. NICE,Nelore PO,GRIC3747,05/02/2022,33.9,po; ifert; carcaca-5-estrelas; car; maternal; novilhas; peso; reprodutivo; semiextensivo,38.93,0.5,64.0,1.86,18.0,,-0.01,31.0,55.0,6.42,1.0,63.0,9.34,1.0,26.0,79.77,2.0,52.0,1.88,1.0,65.0,13.43,0.5,40.0,3.16,78.0,,63.0,1.43,5.0,40.0,7.97,0.1,57.0,7.53,16.0,71.0,1.34,7.0,57.0,-0.19,14.0,65.0,20.96,3.0,63.0,3.36,0.1,,9.65,0.1,,15.21,0.1
8885.0,TRAJANO DA MN,Nelore PO,LBMNE3913,08/08/2019,24.8,po; carcaca-3-estrelas; novilhas; semiextensivo,12.06,28.0,71.0,1.59,23.0,,0.01,46.0,71.0,3.17,19.0,72.0,4.47,18.0,19.0,62.75,16.0,70.0,0.91,14.0,73.0,1.23,58.0,24.0,-1.15,47.0,,71.0,-0.76,83.0,70.0,-1.83,91.0,72.0,3.77,43.0,73.0,0.91,20.0,72.0,-0.41,5.0,73.0,5.0,50.0,44.0,-0.38,62.0,,-1.39,86.0,,-1.12,79.0
8806.0,TRIBUTO  DA S.NICE,Nelore PO,GRIC434,13/12/2019,31.2,po; carcaca-4-estrelas; maternal; peso; reprodutivo; semiextensivo,28.6,3.0,63.0,2.34,11.0,,0.08,99.0,53.0,4.58,6.0,62.0,7.8,3.0,26.0,77.2,3.0,50.0,1.93,1.0,66.0,6.75,14.0,36.0,-12.22,2.0,,60.0,-0.01,52.0,44.0,1.52,25.0,61.0,7.58,16.0,70.0,1.81,2.0,60.0,-0.05,26.0,66.0,14.33,13.0,63.0,0.66,19.0,,3.17,22.0,,5.69,18.0
10832.0,TROIS FIV G.SALES,Nelore PO,MFBN9973,28/12/2021,31.2,po; carcaca-5-estrelas; car; maternal; novilhas; peso; reprodutivo; semiextensivo,38.53,0.5,55.0,2.18,13.0,,0.04,84.0,46.0,5.31,3.0,43.0,8.7,1.0,22.0,76.46,3.0,44.0,3.28,0.1,46.0,11.9,2.0,32.0,-0.03,56.0,,53.0,2.35,0.5,41.0,5.36,0.5,42.0,8.04,13.0,56.0,1.15,12.0,41.0,-0.96,0.1,46.0,19.93,4.0,55.0,3.26,0.1,,6.48,2.0,,11.44,1.0
8997.0,TRONO COL,Nelore PO,COL27137,11/12/2019,33.9,po; carcaca-3-estrelas; maternal; peso; semiintensivo,29.17,2.0,63.0,3.03,4.0,,0.06,97.0,53.0,3.96,11.0,61.0,6.59,6.0,24.0,70.91,6.0,51.0,0.0,56.0,65.0,12.68,1.0,37.0,-3.65,29.0,,59.0,0.06,49.0,46.0,6.03,0.1,63.0,9.75,7.0,69.0,0.43,43.0,61.0,0.35,69.0,65.0,22.43,2.0,58.0,2.11,1.0,,8.58,0.5,,12.93,0.5
9034.0,TRUMP DA ALVORADA,Nelore PO,TCL212,30/01/2020,43.7,po; carcaca-3-estrelas; peso; semiintensivo,2.16,61.0,54.0,1.58,23.0,,-0.01,23.0,45.0,4.33,8.0,53.0,2.48,40.0,25.0,36.55,81.0,42.0,0.47,32.0,55.0,2.0,51.0,32.0,1.69,68.0,,52.0,-1.33,95.0,42.0,0.74,42.0,50.0,7.51,16.0,60.0,-0.32,81.0,49.0,1.39,99.0,55.0,9.51,29.0,53.0,-0.45,65.0,,3.04,24.0,,5.74,18.0
8883.0,UIRAPURU DA MN,Nelore PO,LBMNE3714,19/11/2018,33.9,po; ifert; carcaca-4-estrelas; car; semiextensivo,14.78,21.0,30.0,1.43,26.0,,0.05,93.0,27.0,5.55,3.0,27.0,5.38,11.0,5.0,60.35,20.0,15.0,0.65,23.0,47.0,6.9,13.0,6.0,1.27,65.0,,24.0,-0.27,64.0,10.0,0.39,50.0,49.0,2.16,57.0,41.0,0.28,51.0,46.0,-0.13,19.0,47.0,9.05,31.0,23.0,0.64,19.0,,0.91,56.0,,1.99,51.0
10849.0,URIEL FIV DA DI GÊNIO,Nelore PO,JCDG20459,24/09/2022,36.5,po; ifert; carcaca-3-estrelas; car; peso; reprodutivo; semiintensivo,20.59,9.0,58.0,3.81,2.0,,-0.06,1.0,49.0,4.97,5.0,57.0,6.69,5.0,22.0,80.38,2.0,46.0,-1.37,98.0,59.0,4.83,26.0,36.0,-1.85,42.0,,56.0,-0.92,88.0,44.0,0.76,42.0,57.0,13.41,2.0,64.0,0.56,36.0,57.0,0.96,99.0,59.0,18.24,5.0,57.0,-0.49,67.0,,4.79,8.0,,7.87,7.0
9000.0,UTIL  COL,Nelore PO,COL27561,23/09/2020,18.7,po; carcaca-3-estrelas; peso; semiintensivo,18.91,12.0,57.0,1.98,16.0,,0.04,87.0,50.0,6.85,0.5,57.0,7.28,4.0,24.0,71.47,6.0,47.0,0.1,51.0,59.0,8.35,7.0,39.0,3.24,78.0,,56.0,-0.41,71.0,47.0,0.54,47.0,54.0,12.15,3.0,64.0,0.09,62.0,54.0,1.02,99.0,59.0,20.5,3.0,56.0,-1.05,86.0,,4.5,10.0,,7.12,10.0
9765.0,VASUVED,Nelore PO,TABE0615,10/08/2021,33.9,po; ifert; carcaca-5-estrelas; maternal; novilhas; peso; reprodutivo; semiintensivo,37.82,0.5,63.0,2.72,7.0,,0.09,99.0,59.0,4.21,9.0,63.0,7.73,3.0,26.0,84.82,0.5,57.0,1.15,8.0,66.0,6.73,14.0,36.0,-7.01,12.0,,62.0,1.42,5.0,56.0,6.98,0.1,64.0,7.2,18.0,67.0,2.49,0.1,61.0,-0.44,4.0,66.0,13.92,14.0,56.0,3.92,0.1,,8.93,0.1,,13.34,0.5
9870.0,VESTÍGIO COL,Nelore PO,COL28419,30/11/2021,33.9,po; carcaca-3-estrelas; car; maternal; peso; reprodutivo; semiintensivo,34.88,0.5,68.0,1.77,19.0,,0.06,94.0,63.0,6.83,0.5,66.0,10.29,0.5,23.0,78.28,2.0,63.0,0.37,36.0,70.0,10.64,3.0,59.0,-12.89,1.0,,65.0,-1.55,98.0,61.0,6.4,0.1,68.0,20.22,0.1,72.0,0.9,20.0,66.0,1.05,99.0,70.0,30.87,0.1,56.0,2.31,0.5,,12.51,0.1,,19.43,0.1
9871.0,VIRENTE COL,Nelore PO,COL28605,21/12/2021,31.2,po; carcaca-4-estrelas; car; peso; reprodutivo; semiintensivo,25.99,4.0,53.0,2.75,6.0,,0.01,48.0,43.0,3.8,12.0,51.0,7.94,2.0,20.0,74.8,4.0,41.0,1.51,3.0,54.0,4.35,30.0,31.0,-28.99,0.1,,51.0,-1.95,99.0,40.0,0.73,42.0,49.0,9.17,9.0,60.0,1.55,4.0,49.0,0.76,96.0,54.0,13.52,15.0,51.0,1.55,3.0,,3.54,18.0,,5.75,18.0
10908.0,VISCONDE DA TRADIÇÃO,Nelore PO,TECO2133,01/11/2019,36.5,po; ifert; carcaca-5-estrelas; car; maternal; novilhas; peso; semiextensivo,18.94,12.0,56.0,1.58,23.0,,-0.03,10.0,72.0,2.34,31.0,73.0,5.08,13.0,24.0,61.1,19.0,44.0,1.14,8.0,74.0,4.56,28.0,32.0,-5.61,18.0,,54.0,2.26,0.5,71.0,2.19,14.0,74.0,3.95,41.0,75.0,0.6,34.0,74.0,-0.47,3.0,74.0,8.51,33.0,53.0,1.69,2.0,,2.88,26.0,,5.61,19.0
8375.0,VITORIOSO SL NOVO,Nelore Pintado,NOV2088,02/10/2016,346.5,po; ifert; novilhas; semiextensivo,13.23,25.0,17.0,-1.15,88.0,,-0.02,15.0,28.0,0.12,71.0,29.0,-0.67,79.0,18.0,70.83,6.0,9.0,-0.02,58.0,58.0,0.19,67.0,19.0,-2.67,36.0,,8.0,0.11,46.0,34.0,3.49,4.0,60.0,-0.75,79.0,50.0,1.04,15.0,57.0,-0.4,5.0,58.0,-0.56,76.0,37.0,1.23,7.0,,3.22,22.0,,4.25,29.0
9896.0,VOX  COL,Nelore PO,COL28175,14/09/2021,33.9,po; ifert; carcaca-3-estrelas; maternal; peso; reprodutivo; semiextensivo,20.94,9.0,55.0,2.06,14.0,,0.03,78.0,46.0,3.79,12.0,53.0,4.37,19.0,22.0,60.95,19.0,43.0,-0.49,80.0,57.0,10.86,2.0,34.0,0.62,61.0,,52.0,-1.06,91.0,43.0,3.1,6.0,52.0,8.65,11.0,63.0,1.41,6.0,50.0,0.65,92.0,57.0,19.51,4.0,54.0,2.32,0.5,,5.92,4.0,,9.28,4.0
9869.0,VULCANO COL,Nelore PO,COL28196,11/10/2021,33.9,po; ifert; carcaca-5-estrelas; maternal; peso; reprodutivo; semiextensivo,39.39,0.5,57.0,3.56,2.0,,0.13,99.0,47.0,7.82,0.5,55.0,11.14,0.1,23.0,73.58,4.0,42.0,2.0,0.5,61.0,17.44,0.1,34.0,-7.74,9.0,,53.0,1.08,11.0,42.0,5.24,0.5,57.0,16.65,0.5,65.0,1.78,2.0,54.0,1.05,99.0,61.0,34.08,0.1,56.0,1.26,6.0,,9.93,0.1,,15.7,0.1
8547.0,VULCÃO  DA RFA,Nelore PO,RFA5120,21/08/2018,24.8,po; carcaca-5-estrelas; peso; semiintensivo,11.98,28.0,33.0,2.51,9.0,,0.06,96.0,51.0,3.88,11.0,29.0,7.1,4.0,26.0,61.61,18.0,49.0,1.38,4.0,39.0,7.55,10.0,36.0,0.82,62.0,,8.0,2.51,0.5,46.0,-5.59,99.0,22.0,13.2,2.0,55.0,0.46,41.0,56.0,1.11,99.0,39.0,20.75,3.0,60.0,-3.25,99.0,,-1.74,89.0,,-1.35,81.0
8708.0,WKF4 ÁRABE,Nelore PO,WKF4,22/09/2018,28.3,po; ifert; carcaca-3-estrelas; car; maternal; peso; reprodutivo; semiintensivo,32.0,1.0,39.0,4.23,0.5,,-0.01,23.0,38.0,4.42,7.0,39.0,5.89,9.0,19.0,83.34,1.0,24.0,0.45,33.0,64.0,9.75,4.0,28.0,-5.8,17.0,,10.0,0.41,33.0,32.0,3.52,4.0,63.0,13.95,1.0,61.0,1.18,11.0,61.0,0.87,98.0,64.0,23.71,1.0,38.0,1.12,8.0,,7.57,1.0,,12.11,1.0
8864.0,WKF83 BEIRUTE,Nelore PO,WKF83,02/09/2019,24.8,po; carcaca-4-estrelas; peso; reprodutivo; semiextensivo,25.79,4.0,64.0,1.32,29.0,,0.07,99.0,60.0,6.01,2.0,64.0,8.06,2.0,25.0,72.97,5.0,57.0,2.88,0.1,67.0,6.89,13.0,35.0,2.13,71.0,,63.0,1.38,6.0,57.0,0.51,48.0,64.0,10.81,5.0,70.0,1.84,2.0,63.0,1.04,99.0,67.0,17.7,6.0,59.0,0.6,21.0,,3.54,18.0,,6.44,14.0
10648.0,XAMA COL,Nelore PO,COLM6690,21/10/2022,31.2,po; carcaca-5-estrelas; car; maternal; peso; reprodutivo; semiextensivo,44.15,0.1,51.0,6.09,0.1,,0.01,47.0,42.0,6.11,2.0,50.0,10.04,0.5,21.0,91.09,0.5,39.0,1.99,0.5,52.0,14.0,0.5,30.0,-2.59,36.0,,48.0,-0.43,71.0,39.0,5.84,0.1,48.0,15.5,0.5,59.0,0.78,25.0,48.0,0.97,99.0,52.0,29.51,0.5,51.0,1.75,2.0,,10.19,0.1,,16.77,0.1
11108.0,XAROPE COL,Nelore PO,COL28890,20/09/2022,33.9,po; ifert; carcaca-4-estrelas; car; pnat; maternal; peso; reprodutivo; semiextensivo,32.09,1.0,56.0,2.7,7.0,,0.05,94.0,47.0,5.27,3.0,55.0,9.14,1.0,23.0,83.81,1.0,44.0,1.54,3.0,57.0,10.08,3.0,34.0,-3.95,27.0,,53.0,0.06,49.0,44.0,2.06,16.0,53.0,12.76,2.0,64.0,0.69,29.0,64.0,0.96,99.0,57.0,22.84,2.0,53.0,2.15,0.5,,5.66,4.0,,10.36,2.0
9066.0,QUORUM  KA,Nelore PO,KPA57,05/10/2020,38.9,po; carcaca-3-estrelas; maternal; peso; semiintensivo,18.18,13.0,68.0,1.96,16.0,,0.04,88.0,64.0,5.99,2.0,67.0,6.2,7.0,22.0,65.18,12.0,64.0,-0.31,72.0,70.0,3.36,38.0,60.0,5.67,90.0,,65.0,0.46,31.0,62.0,3.35,4.0,68.0,13.01,2.0,71.0,1.08,14.0,67.0,1.59,99.0,70.0,16.36,8.0,55.0,2.39,0.5,,7.67,0.5,,11.21,1.0
9864.0,C3403 DA S. NICE,Nelore PO,GRIC3403,12/12/2021,33.9,po; ifert; carcaca-5-estrelas; novilhas; peso; reprodutivo; semiintensivo,32.78,1.0,65.0,5.45,0.1,,0.01,54.0,49.0,7.69,0.5,64.0,10.67,0.5,23.0,75.56,3.0,58.0,2.42,0.1,66.0,8.86,6.0,32.0,-0.46,52.0,,64.0,1.17,9.0,57.0,1.94,18.0,64.0,7.63,15.0,70.0,1.33,8.0,65.0,-0.25,11.0,66.0,16.48,8.0,55.0,0.7,18.0,,3.54,18.0,,6.04,16.0
9062.0,4579  PO CONFIANCA,Nelore PO,DVD4579,11/11/2020,33.9,po; ifert; carcaca-5-estrelas; car; peso; reprodutivo; semiintensivo,33.32,1.0,64.0,5.64,0.1,,0.04,84.0,55.0,5.41,3.0,63.0,8.26,2.0,25.0,81.41,1.0,53.0,1.57,3.0,66.0,11.95,1.0,37.0,-4.31,25.0,,61.0,2.4,0.5,52.0,-0.57,72.0,61.0,17.14,0.1,70.0,1.5,5.0,61.0,0.66,93.0,66.0,29.09,0.5,59.0,-0.51,68.0,,4.61,9.0,,7.72,8.0
10511.0,2431 ESALQ,Nelore PO,ALQ2431,10/08/2022,36.5,po; ifert; carcaca-4-estrelas; maternal; peso; reprodutivo; semiintensivo,39.54,0.5,59.0,6.42,0.1,,0.05,93.0,52.0,7.43,0.5,66.0,11.83,0.1,28.0,79.58,2.0,48.0,1.71,2.0,68.0,11.54,2.0,38.0,-9.11,6.0,,57.0,0.24,41.0,61.0,1.51,26.0,67.0,21.56,0.1,71.0,2.6,0.1,66.0,1.05,99.0,68.0,33.1,0.1,58.0,1.03,10.0,,7.96,0.5,,12.86,0.5
12274.0,C1656 FIV DA EAO,Nelore PO,EAOC1656,26/06/2023,0.0,po; carcaca-5-estrelas; maternal; peso; reprodutivo; semiextensivo,45.72,0.1,62.0,4.04,1.0,,0.17,99.0,53.0,7.8,0.5,62.0,10.81,0.5,24.0,86.78,0.5,48.0,2.82,0.1,63.0,10.97,2.0,38.0,-7.71,9.0,,61.0,1.74,2.0,48.0,6.9,0.1,59.0,17.35,0.1,68.0,2.7,0.1,57.0,0.78,97.0,63.0,28.32,0.5,57.0,2.09,1.0,,11.7,0.1,,18.51,0.1
12680.0,KPAR867 KA,Nelore PO,KPAR867,21/10/2022,,po; carcaca-4-estrelas; maternal; peso; reprodutivo; semiintensivo,40.82,0.1,52.0,6.38,0.1,,0.08,99.0,44.0,5.16,4.0,51.0,9.17,1.0,18.0,84.08,1.0,42.0,0.79,18.0,53.0,17.48,0.1,32.0,-21.7,0.1,,50.0,0.93,14.0,41.0,1.65,23.0,50.0,17.71,0.1,59.0,2.7,0.1,49.0,1.34,99.0,53.0,35.19,0.1,51.0,0.37,29.0,,7.79,0.5,,11.95,1.0
