crv_code,nome_oficial,raca,rgd,data_nascimento,preco_convencional,selos,DELTAGEN_CD_ACC,DELTAGEN_CD_DECA,DELTAGEN_CD_DEP,DELTAGEN_CS_ACC,DELTAGEN_CS_DECA,DELTAGEN_CS_DEP,DELTAGEN_D160_ACC,DELTAGEN_D160_DECA,DELTAGEN_D160_DEP,DELTAGEN_D240_ACC,DELTAGEN_D240_DECA,DELTAGEN_D240_DEP,DELTAGEN_D400_ACC,DELTAGEN_D400_DECA,DELTAGEN_D400_DEP,DELTAGEN_GDS_ACC,DELTAGEN_GDS_DECA,DELTAGEN_GDS_DEP,DELTAGEN_GND_ACC,DELTAGEN_GND_DECA,DELTAGEN_GND_DEP,DELTAGEN_GNS_ACC,DELTAGEN_GNS_DECA,DELTAGEN_GNS_DEP,DELTAGEN_IFRIG_ACC,DELTAGEN_IFRIG_DECA,DELTAGEN_IFRIG_DEP,DELTAGEN_INDD_ACC,DELTAGEN_INDD_DECA,DELTAGEN_INDD_DEP,DELTAGEN_INDF_ACC,DELTAGEN_INDF_DECA,DELTAGEN_INDF_DEP,DELTAGEN_IPP_ACC,DELTAGEN_IPP_DECA,DELTAGEN_IPP_DEP,DELTAGEN_MD_ACC,DELTAGEN_MD_DECA,DELTAGEN_MD_DEP,DELTAGEN_MS_ACC,DELTAGEN_MS_DECA,DELTAGEN_MS_DEP,DELTAGEN_PD_ACC,DELTAGEN_PD_DECA,DELTAGEN_PD_DEP,DELTAGEN_PEi_ACC,DELTAGEN_PEi_DECA,DELTAGEN_PEi_DEP,DELTAGEN_PN_ACC,DELTAGEN_PN_DECA,DELTAGEN_PN_DEP,DELTAGEN_PS_ACC,DELTAGEN_PS_DECA,DELTAGEN_PS_DEP,DELTAGEN_RMAT_ACC,DELTAGEN_RMAT_DECA,DELTAGEN_RMAT_DEP,DELTAGEN_UD_ACC,DELTAGEN_UD_DECA,DELTAGEN_UD_DEP,DELTAGEN_US_ACC,DELTAGEN_US_DECA,DELTAGEN_US_DEP
8444.0,AMANDAU FM,Nelore CEIP,91717FM,05/08/2017,21.3,ceip; ifert; novilhas; extensivo,0.97,8.0,-0.09,0.97,9.0,-0.13,0.97,8.0,-3.16,0.97,7.0,-10.09,0.97,7.0,-13.25,0.97,7.0,-1.34,0.97,8.0,-1.74,0.97,8.0,-3.08,0.65,6.0,-0.67,0.96,9.0,-5.56,0.96,9.0,-1.88,0.94,8.0,3.92,0.97,9.0,-0.14,0.97,9.0,-0.21,0.97,3.0,0.09,0.96,2.0,0.38,0.96,1.0,-0.66,0.97,3.0,0.13,0.88,6.0,-0.77,0.99,5.0,0.52,0.99,6.0,0.48
10065.0,ANGICO EMA,Nelore CEIP,1122417EMA,25/10/2017,38.9,ceip; ifert; maternal; novilhas; extensivo,0.97,2.0,0.16,0.84,1.0,0.37,0.97,3.0,3.8,0.84,3.0,17.21,0.84,2.0,21.01,0.84,2.0,3.03,0.97,3.0,1.34,0.84,2.0,4.37,0.61,4.0,1.87,0.97,8.0,-0.52,0.87,6.0,6.89,0.76,6.0,0.37,0.97,9.0,-0.17,0.84,2.0,0.18,0.97,8.0,-0.12,0.81,1.0,0.82,0.87,1.0,-1.02,0.84,2.0,0.18,0.47,1.0,17.49,0.99,3.0,0.55,0.89,10.0,0.41
12180.0,ATLAS RF,Nelore CEIP,07223RF,24/08/2023,28.3,ceip; maternal; peso; reprodutivo; semiextensivo,,1.0,0.23,,1.0,0.37,,1.0,14.49,,1.0,99.04,,1.0,113.54,,1.0,12.35,,1.0,6.99,,,,,,,,1.0,29.42,,1.0,32.38,,4.0,-2.79,,1.0,0.5,,1.0,0.69,,1.0,0.46,,1.0,1.37,,6.0,0.07,,1.0,0.69,,1.0,18.44,,10.0,0.4,,7.0,0.48
9142.0,BITOLA DA EMA,Nelore CEIP,1367320EMA,21/08/2020,18.7,ceip; maternal; novilhas; peso; extensivo,0.93,9.0,-0.14,0.92,6.0,0.0,0.93,4.0,2.13,0.91,1.0,36.44,0.91,1.0,38.57,0.91,1.0,5.16,4.0,1.0,1.04,0.91,1.0,6.2,0.67,2.0,4.44,0.88,4.0,7.79,0.86,1.0,16.81,0.78,4.0,-2.37,0.93,1.0,0.4,0.92,1.0,0.51,0.93,1.0,0.34,0.87,1.0,1.53,0.86,1.0,-1.15,0.92,1.0,0.42,1.0,1.0,16.81,0.94,5.0,0.51,0.93,4.0,0.53
8468.0,CFM CONSAGRADO,Nelore CEIP,LG678314,02/09/2014,24.8,ceip; ifert; maternal; peso; reprodutivo; semiextensivo,0.98,1.0,0.26,0.98,1.0,0.37,0.98,1.0,10.78,0.98,1.0,55.61,0.98,1.0,66.39,0.98,1.0,6.91,0.98,1.0,4.62,0.98,1.0,11.52,0.59,1.0,7.29,0.98,2.0,13.86,0.98,1.0,16.91,0.97,4.0,-1.71,0.98,2.0,0.19,0.98,1.0,0.34,0.98,4.0,0.05,0.98,1.0,1.45,0.98,10.0,0.72,0.98,3.0,0.15,0.98,1.0,16.98,0.99,5.0,0.51,0.99,4.0,0.53
8315.0,CFM ELEITO,Nelore CEIP,LG131016,08/09/2016,36.5,ceip; ifert; maternal; peso; reprodutivo; semiextensivo,0.96,1.0,0.19,0.96,1.0,0.36,0.96,2.0,4.72,0.96,1.0,69.63,0.96,1.0,74.35,0.96,1.0,8.68,0.96,3.0,1.91,0.96,1.0,10.59,0.58,3.0,3.68,0.94,9.0,-5.37,0.93,7.0,4.59,0.89,4.0,-2.19,0.96,10.0,-0.3,0.96,8.0,-0.14,0.96,10.0,-0.19,0.94,2.0,0.36,0.93,5.0,-0.04,0.96,5.0,0.0,0.94,3.0,5.85,0.98,7.0,0.47,0.97,10.0,0.39
10938.0,COLORADO FM,Nelore CEIP,34722FM,17/08/2022,28.3,ceip; maternal; novilhas; peso; reprodutivo; extensivo,0.79,2.0,0.14,0.79,1.0,0.24,0.79,2.0,5.19,0.79,1.0,44.3,0.79,1.0,49.49,0.79,1.0,5.83,0.79,2.0,2.61,0.79,1.0,8.44,0.59,1.0,11.44,0.79,1.0,13.57,0.77,1.0,16.83,0.65,2.0,-5.84,0.79,1.0,0.23,0.79,1.0,0.5,0.79,1.0,0.36,1.0,,0.94,0.79,1.0,-0.64,0.79,1.0,0.52,0.53,1.0,21.21,0.79,8.0,0.46,0.79,5.0,0.51
8642.0,FANTASMA JCA,Nelore CEIP,86818JCA,17/09/2018,21.9,ceip; ifert; novilhas; peso; extensivo,0.76,1.0,0.16,0.75,2.0,0.16,0.76,2.0,6.16,0.75,2.0,18.17,0.75,2.0,24.33,,,,0.76,2.0,2.87,0.75,2.0,5.02,0.48,4.0,0.86,0.76,1.0,12.02,0.74,2.0,8.12,0.58,4.0,-1.77,0.76,3.0,0.12,0.75,4.0,0.07,0.76,1.0,0.27,0.76,2.0,0.35,0.76,5.0,-0.04,0.75,2.0,0.2,0.38,6.0,-2.18,0.75,3.0,0.12,0.75,10.0,-0.39
8641.0,FARAO TN,Nelore CEIP,3218TN,12/08/2018,18.7,ceip; maternal; extensivo,0.79,1.0,0.19,0.79,2.0,0.12,0.79,1.0,7.72,0.79,6.0,-8.33,0.79,5.0,-0.61,0.79,7.0,-1.33,0.79,1.0,3.67,0.79,3.0,2.34,0.6,1.0,10.2,0.75,1.0,17.22,0.74,2.0,11.89,0.67,5.0,0.29,0.79,1.0,0.32,0.79,1.0,0.33,0.79,1.0,0.3,0.79,4.0,0.01,0.74,7.0,0.28,0.79,1.0,0.28,0.54,1.0,13.17,0.79,7.0,0.46,0.78,6.0,0.49
8812.0,GABARITO JCA,Nelore CEIP,71419JCA,22/09/2019,18.7,ceip; maternal; peso; extensivo,0.83,4.0,0.06,0.81,5.0,0.02,0.83,4.0,1.8,0.81,5.0,2.65,0.81,5.0,4.45,0.81,5.0,0.45,4.0,1.0,1.2,0.81,4.0,1.65,0.57,1.0,6.0,0.82,4.0,7.73,0.8,5.0,9.9,0.78,5.0,-0.31,0.83,1.0,0.28,0.81,1.0,0.37,0.83,2.0,0.19,0.81,1.0,0.55,0.8,6.0,0.02,0.81,1.0,0.27,1.0,0.0,14.46,0.89,10.0,0.41,0.88,10.0,0.33
9786.0,GOIAS NBV,Nelore CEIP,G00519NBV,26/08/2019,43.7,ceip; ifert; maternal; novilhas; reprodutivo; semiextensivo,0.98,9.0,-0.14,0.97,8.0,-0.09,0.98,7.0,-2.37,0.97,5.0,2.65,0.97,5.0,0.28,0.97,4.0,0.83,0.98,7.0,-1.03,0.97,6.0,-0.2,0.61,2.0,5.68,0.98,8.0,-0.54,0.94,6.0,7.15,0.74,3.0,-3.18,0.98,2.0,0.13,0.97,2.0,0.17,0.98,1.0,0.29,0.96,1.0,0.75,0.94,1.0,-1.58,0.97,1.0,0.31,0.48,2.0,9.18,0.99,10.0,0.31,0.99,10.0,0.24
8294.0,HORUS NP,Nelore CEIP,08999216NP,13/09/2016,18.7,ceip; maternal; peso; semiintensivo,0.96,6.0,-0.03,0.95,6.0,-0.01,0.96,3.0,3.42,0.95,1.0,37.67,0.95,1.0,41.09,0.95,1.0,4.37,0.96,3.0,1.44,0.95,2.0,5.8,0.7,4.0,1.31,0.96,6.0,4.91,0.94,6.0,7.16,0.9,4.0,-2.17,0.96,3.0,0.11,0.95,5.0,0.05,0.96,4.0,0.07,0.94,7.0,-0.16,0.94,2.0,-0.63,0.95,4.0,0.08,0.96,1.0,13.96,0.98,4.0,0.53,0.98,8.0,0.45
10106.0,HUMAITÁ PARM,Nelore CEIP,M30021DFM,25/08/2021,48.0,ceip; ifert; maternal; novilhas; peso; extensivo,0.98,9.0,-0.13,0.97,9.0,-0.14,0.98,2.0,4.72,0.97,9.0,-21.4,0.97,8.0,-16.68,0.97,8.0,-2.14,0.98,2.0,1.99,0.97,6.0,-0.15,0.64,1.0,6.45,0.98,2.0,13.75,0.95,3.0,13.59,0.79,4.0,-1.54,0.98,1.0,0.69,0.97,1.0,0.77,0.98,1.0,0.44,0.96,1.0,0.77,0.95,3.0,-0.29,0.97,1.0,0.47,0.48,1.0,14.81,0.99,6.0,0.49,0.99,3.0,0.54
12182.0,MAROLO 3BA,Nelore CEIP,3441233BA,20/09/2023,28.3,ceip; maternal; peso; semiextensivo,,1.0,0.2,,1.0,0.25,,1.0,7.13,,1.0,47.12,,1.0,54.26,,1.0,6.07,,1.0,3.48,,,,,,,,1.0,18.49,,1.0,22.63,,3.0,-4.12,,1.0,0.42,,1.0,0.57,,1.0,0.38,,5.0,0.06,,10.0,1.05,,1.0,0.52,,1.0,16.88,,9.0,0.44,,9.0,0.42
9559.0,PAINT CARVALHO,Nelore CEIP,C262,02/01/2019,31.2,ceip; ifert; peso; extensivo,0.97,1.0,0.29,0.96,1.0,0.28,0.97,1.0,12.83,0.96,2.0,24.15,0.96,1.0,36.98,0.96,2.0,2.51,0.97,1.0,5.48,0.96,1.0,8.0,0.64,4.0,2.31,0.95,1.0,18.98,0.93,2.0,14.66,0.88,5.0,-0.01,0.97,1.0,0.21,0.96,2.0,0.18,0.97,1.0,0.27,0.95,10.0,-0.41,0.93,9.0,0.53,0.96,2.0,0.19,0.91,1.0,27.5,0.98,8.0,0.45,0.98,10.0,0.31
9026.0,PARÁ FM,Nelore CEIP,12820FM,06/08/2020,31.2,ceip; maternal; novilhas; peso; reprodutivo; semiextensivo,0.76,1.0,0.22,0.76,1.0,0.3,0.76,1.0,9.14,0.76,1.0,61.85,0.76,1.0,70.99,,,,0.76,1.0,4.66,0.76,1.0,12.55,0.49,1.0,10.41,0.76,1.0,20.78,0.73,1.0,23.64,0.48,2.0,-7.81,0.76,1.0,0.33,0.76,1.0,0.54,0.76,1.0,0.34,0.76,1.0,0.7,0.76,2.0,-0.55,0.76,1.0,0.53,0.36,1.0,14.91,0.76,4.0,0.05,0.76,5.0,0.04
8821.0,PARADIGMA TUL,Nelore CEIP,588219TUL,02/10/2019,18.7,ceip; maternal; semiextensivo,0.94,2.0,0.11,0.93,3.0,0.11,0.94,8.0,-3.37,0.92,5.0,0.89,0.92,6.0,-2.48,0.92,5.0,0.59,0.94,7.0,-1.14,0.92,6.0,-0.55,0.59,4.0,2.19,0.94,9.0,-4.26,0.91,9.0,-0.09,0.78,9.0,5.67,0.94,7.0,-0.06,0.93,6.0,-0.05,0.94,6.0,-0.04,0.87,2.0,0.39,0.91,8.0,0.29,0.93,5.0,0.02,0.39,2.0,9.88,0.97,10.0,0.34,0.95,10.0,0.34
8645.0,PIRATINI FM,Nelore CEIP,35814FM,12/09/2014,21.3,ceip; novilhas; semiextensivo,0.89,10.0,-0.25,0.88,8.0,-0.08,0.89,10.0,-10.09,0.87,1.0,28.64,0.87,3.0,18.55,0.87,1.0,3.37,0.89,10.0,-4.1,0.87,6.0,-0.73,0.65,5.0,0.37,0.88,10.0,-20.36,0.86,7.0,3.86,0.79,1.0,-11.22,0.89,4.0,0.08,0.87,1.0,0.28,0.89,2.0,0.18,0.81,8.0,-0.2,0.86,1.0,-1.7,0.87,1.0,0.3,0.84,3.0,5.37,0.91,2.0,0.56,0.91,4.0,0.52
9072.0,PRIME RIB,Nelore CEIP,032020RIB,13/07/2020,18.7,ceip; maternal; semiextensivo,0.97,8.0,-0.09,0.97,10.0,-0.2,0.97,6.0,-0.5,0.97,3.0,12.38,0.97,4.0,11.88,0.97,2.0,2.68,0.97,7.0,-0.67,0.97,4.0,2.01,0.65,1.0,6.44,0.96,9.0,-4.48,0.92,9.0,-2.84,0.69,7.0,2.86,0.97,9.0,-0.15,0.97,9.0,-0.16,0.97,6.0,-0.03,0.95,6.0,-0.01,0.92,8.0,0.42,0.97,8.0,-0.1,0.38,1.0,10.14,0.99,9.0,0.43,0.98,8.0,0.46
8343.0,PRO LITRO BAL,Nelore CEIP,680316BAL,31/10/2016,31.2,ceip; ifert; maternal; peso; extensivo,0.98,4.0,0.06,0.97,2.0,0.14,0.98,2.0,6.47,0.97,1.0,30.97,0.97,1.0,37.44,0.97,1.0,3.71,0.98,2.0,2.61,0.97,1.0,6.31,0.7,4.0,1.94,0.96,4.0,8.7,0.95,4.0,11.44,0.89,5.0,-0.31,0.98,3.0,0.12,0.97,3.0,0.13,0.98,2.0,0.14,0.96,5.0,0.08,0.95,6.0,0.11,0.97,2.0,0.23,0.97,1.0,10.48,0.99,4.0,0.52,0.99,4.0,0.53
8646.0,QUARAÍ FM,Nelore CEIP,97418FM,13/12/2018,18.7,ceip; maternal; novilhas; semiextensivo,0.97,5.0,0.03,0.96,7.0,-0.04,0.97,4.0,1.81,0.96,2.0,18.5,0.96,3.0,20.31,0.96,2.0,2.59,0.97,4.0,0.65,0.96,3.0,3.24,0.66,3.0,3.21,0.97,7.0,1.98,0.95,7.0,5.11,0.89,6.0,0.42,0.97,4.0,0.04,0.96,4.0,0.08,0.97,5.0,0.01,0.95,1.0,0.77,0.95,1.0,-1.17,0.96,5.0,0.03,0.97,2.0,9.55,0.98,1.0,0.62,0.98,2.0,0.58
8149.0,TANNAT AJ,Nelore CEIP,586214AJ,12/11/2014,49.9,ceip; ifert; maternal; novilhas; peso; reprodutivo; semiextensivo,0.98,3.0,0.08,0.98,4.0,0.08,0.98,2.0,5.15,0.98,2.0,27.09,0.98,1.0,32.24,0.98,2.0,3.26,0.98,2.0,2.11,0.98,2.0,5.37,0.8,3.0,2.45,0.98,4.0,7.87,0.98,3.0,13.68,0.98,1.0,-10.55,0.98,2.0,0.15,0.98,1.0,0.25,0.98,4.0,0.07,0.98,2.0,0.32,0.98,2.0,-0.54,0.98,2.0,0.16,0.98,1.0,16.77,0.99,7.0,0.48,0.99,6.0,0.48
9025.0,TATUI FM,Nelore CEIP,54420FM,18/09/2020,18.7,ceip; maternal; novilhas; peso; semiextensivo,0.77,4.0,0.05,0.77,4.0,0.07,0.77,2.0,4.74,0.77,3.0,17.96,0.77,2.0,22.7,,,,0.77,2.0,2.38,0.77,2.0,4.74,0.53,3.0,2.27,0.77,1.0,15.63,0.74,1.0,14.55,0.57,3.0,-5.52,0.77,1.0,0.46,0.77,2.0,0.56,0.77,1.0,0.49,0.77,1.0,0.64,0.77,4.0,-0.21,0.76,1.0,0.59,0.39,1.0,14.21,0.77,2.0,0.16,0.76,1.0,0.21
11100.0,TEXAS NEG,Nelore CEIP,91063920NEG,21/10/2020,28.3,ceip; maternal; peso; semiextensivo,0.94,1.0,0.25,0.81,1.0,0.26,0.94,1.0,9.29,0.81,2.0,22.44,0.81,2.0,31.73,0.81,2.0,2.92,1.0,1.0,5.47,0.81,1.0,8.38,0.58,6.0,-0.76,0.89,1.0,20.92,0.81,2.0,15.76,0.68,5.0,-0.81,0.94,1.0,0.34,0.81,3.0,0.13,0.94,1.0,0.28,0.8,6.0,-0.03,0.81,10.0,0.66,0.81,2.0,0.23,1.0,0.0,16.4,0.95,2.0,0.55,0.84,4.0,0.53
8640.0,TITÂNIO TUL,Nelore CEIP,746315TUL,03/09/2015,18.7,ceip; ifert; semiextensivo,0.96,10.0,-0.34,0.93,10.0,-0.33,0.96,10.0,-9.36,0.93,9.0,-22.27,0.93,9.0,-31.63,0.93,9.0,-2.95,0.96,10.0,-4.78,0.93,10.0,-7.73,0.67,6.0,-0.41,0.95,10.0,-35.37,0.92,10.0,-17.05,0.87,4.0,-2.34,0.96,9.0,-0.19,0.93,8.0,-0.13,0.96,10.0,-0.2,0.9,1.0,0.47,0.92,10.0,0.81,0.93,9.0,-0.18,0.91,10.0,-20.35,0.97,1.0,0.59,0.94,1.0,0.63
8664.0,TOSCANO 3BA,Nelore CEIP,841918BA,07/09/2018,18.7,ceip; maternal; novilhas; reprodutivo; semiextensivo,0.81,7.0,-0.08,0.8,6.0,-0.03,0.81,6.0,-2.72,0.8,1.0,38.69,0.8,1.0,35.97,0.8,1.0,4.57,0.81,7.0,-1.38,0.8,2.0,3.2,0.58,2.0,2.5,0.79,8.0,-4.99,0.74,5.0,4.35,0.64,1.0,-6.65,0.81,7.0,-0.11,0.8,4.0,0.03,0.81,4.0,0.03,0.8,2.0,0.29,0.74,2.0,-0.41,0.8,2.0,0.12,0.54,1.0,7.18,0.8,5.0,0.5,0.78,3.0,0.52
8317.0,UNANIME TUL,Nelore CEIP,867716TUL,15/10/2016,249.0,ceip; ifert; maternal; peso; semiintensivo,0.98,2.0,0.16,0.98,1.0,0.26,0.98,2.0,5.79,0.98,1.0,49.51,0.98,1.0,55.31,0.98,1.0,6.27,0.98,2.0,2.44,0.98,1.0,8.71,0.69,1.0,12.76,0.98,3.0,9.56,0.98,2.0,13.98,0.98,5.0,-0.98,0.98,2.0,0.13,0.98,1.0,0.25,0.98,2.0,0.14,0.98,6.0,-0.05,0.98,7.0,0.22,0.98,1.0,0.3,0.98,1.0,15.82,0.99,10.0,0.37,0.99,10.0,0.34
12206.0,VOLGA FM,Nelore CEIP,90623FM,16/11/2023,28.3,ceip; maternal; novilhas; peso; reprodutivo; semiextensivo,,1.0,0.26,,1.0,0.32,,1.0,12.18,,1.0,46.45,,1.0,58.63,,1.0,5.49,,1.0,5.76,,,,,,,,1.0,26.76,,1.0,27.53,,1.0,-10.19,,1.0,0.49,,1.0,0.51,,1.0,0.5,,1.0,0.92,,3.0,-0.28,,1.0,0.5,,1.0,15.82,,6.0,0.49,,9.0,0.44
8963.0,WIFI  AJ,Nelore CEIP,317418AJ,04/01/2019,36.5,ceip; ifert; maternal; peso; reprodutivo; semiextensivo,0.98,2.0,0.13,0.98,1.0,0.2,0.98,3.0,3.65,0.98,1.0,33.25,0.98,1.0,36.91,0.98,1.0,3.95,0.98,3.0,1.71,0.98,2.0,5.66,0.74,2.0,4.65,0.97,5.0,6.31,0.97,3.0,13.59,0.94,2.0,-5.38,0.98,6.0,-0.01,0.98,2.0,0.17,0.98,1.0,0.26,0.97,1.0,1.42,0.97,5.0,-0.1,0.98,1.0,0.44,0.78,1.0,20.55,0.99,9.0,0.43,0.99,10.0,0.41
8311.0,ZELO AJ,Nelore CEIP,223415AJ,09/11/2015,31.2,ceip; ifert; maternal; peso; semiextensivo,0.98,5.0,0.0,0.98,4.0,0.06,0.98,3.0,3.7,0.98,1.0,35.3,0.98,1.0,39.0,0.98,1.0,4.53,0.98,3.0,1.56,0.98,1.0,6.09,0.75,2.0,3.79,0.98,5.0,5.72,0.98,3.0,11.92,0.97,6.0,1.11,0.98,5.0,0.02,0.98,2.0,0.21,0.98,2.0,0.19,0.98,1.0,0.49,0.98,8.0,0.3,0.98,1.0,0.38,0.98,2.0,9.9,0.99,10.0,0.37,0.99,10.0,0.33
