crv_code,nome_oficial,raca,rgd,data_nascimento,preco_convencional,selos,ALIANÇA_CD_ACC,ALIANÇA_CD_DECA,ALIANÇA_CD_DEP,ALIANÇA_CS_ACC,ALIANÇA_CS_DECA,ALIANÇA_CS_DEP,ALIANÇA_D160_ACC,ALIANÇA_D160_DECA,ALIANÇA_D160_DEP,ALIANÇA_D240_ACC,ALIANÇA_D240_DECA,ALIANÇA_D240_DEP,ALIANÇA_D400_ACC,ALIANÇA_D400_DECA,ALIANÇA_D400_DEP,ALIANÇA_GDS_ACC,ALIANÇA_GDS_DECA,ALIANÇA_GDS_DEP,ALIANÇA_GND_ACC,ALIANÇA_GND_DECA,ALIANÇA_GND_DEP,ALIANÇA_GNS_ACC,ALIANÇA_GNS_DECA,ALIANÇA_GNS_DEP,ALIANÇA_HMAT_ACC,ALIANÇA_HMAT_DECA,ALIANÇA_HMAT_DEP,ALIANÇA_INDD_ACC,ALIANÇA_INDD_DECA,ALIANÇA_INDD_DEP,ALIANÇA_INDF_ACC,ALIANÇA_INDF_DECA,ALIANÇA_INDF_DEP,ALIANÇA_IPP_ACC,ALIANÇA_IPP_DECA,ALIANÇA_IPP_DEP,ALIANÇA_MD_ACC,ALIANÇA_MD_DECA,ALIANÇA_MD_DEP,ALIANÇA_MS_ACC,ALIANÇA_MS_DECA,ALIANÇA_MS_DEP,ALIANÇA_PD_ACC,ALIANÇA_PD_DECA,ALIANÇA_PD_DEP,ALIANÇA_PE/I_ACC,ALIANÇA_PE/I_DECA,ALIANÇA_PE/I_DEP,ALIANÇA_PN_ACC,ALIANÇA_PN_DECA,ALIANÇA_PN_DEP,ALIANÇA_PS_ACC,ALIANÇA_PS_DECA,ALIANÇA_PS_DEP,ALIANÇA_RMAT_ACC,ALIANÇA_RMAT_DECA,ALIANÇA_RMAT_DEP,ALIANÇA_UD_ACC,ALIANÇA_UD_DECA,ALIANÇA_UD_DEP,ALIANÇA_US_ACC,ALIANÇA_US_DECA,ALIANÇA_US_DEP
10065.0,ANGICO EMA,Nelore CEIP,1122417EMA,25/10/2017,38.9,ceip; ifert; maternal; novilhas; extensivo,,2.0,0.16,,1.0,0.37,,3.0,3.8,,3.0,17.21,,3.0,21.01,,2.0,3.03,,3.0,1.34,,2.0,4.37,,1.0,2.36,0.97,7.0,-0.36,0.87,,6.41,,6.0,0.37,,9.0,-0.17,,2.0,0.18,,8.0,-0.12,,1.0,0.82,,1.0,-1.02,,2.0,0.18,,1.0,17.49,,2.0,0.55,,9.0,0.41
9142.0,BITOLA DA EMA,Nelore CEIP,1367320EMA,21/08/2020,18.7,ceip; maternal; novilhas; peso; extensivo,0.93,9.0,-0.14,0.92,6.0,0.0,0.93,4.0,2.13,0.91,1.0,36.44,0.91,1.0,38.57,0.91,1.0,5.16,0.93,4.0,1.04,0.91,2.0,6.2,0.53,5.0,0.23,0.92,4.0,7.91,0.89,2.0,16.08,0.78,4.0,-2.37,0.93,1.0,0.4,0.92,1.0,0.51,0.93,1.0,0.34,0.87,1.0,1.53,0.92,1.0,-1.15,0.92,1.0,0.42,0.5,1.0,16.81,0.94,5.0,0.51,0.93,4.0,0.53
8468.0,CFM CONSAGRADO,Nelore CEIP,LG678314,02/09/2014,24.8,ceip; ifert; maternal; peso; reprodutivo; semiextensivo,0.98,1.0,0.26,0.98,1.0,0.37,0.98,1.0,10.78,0.98,1.0,55.61,0.98,1.0,66.39,0.98,1.0,6.91,0.98,1.0,4.62,0.98,1.0,11.52,0.94,1.0,2.49,0.98,2.0,13.82,0.98,1.0,16.96,0.97,4.0,-1.71,0.98,2.0,0.19,0.98,1.0,0.34,0.98,4.0,0.05,0.98,1.0,1.45,0.98,10.0,0.72,0.98,3.0,0.15,0.98,1.0,16.98,0.99,5.0,0.51,0.99,4.0,0.53
8315.0,CFM ELEITO,Nelore CEIP,LG131016,08/09/2016,36.5,ceip; ifert; maternal; peso; reprodutivo; semiextensivo,,1.0,0.19,,1.0,0.36,,2.0,4.72,,1.0,69.63,,1.0,74.35,,1.0,8.68,,2.0,1.91,,1.0,10.59,,4.0,0.81,0.95,8.0,-5.12,0.94,,4.22,,4.0,-2.19,,0.0,-0.3,,8.0,-0.14,,0.0,-0.19,,2.0,0.36,,5.0,-0.04,,5.0,0.0,,3.0,5.85,,8.0,0.47,,0.0,0.39
8911.0,CFM ELEMENTAR,Nelore CEIP,LG143216,02/09/2019,19.4,ceip; maternal; novilhas; peso; reprodutivo; semiextensivo,,5.0,0.01,,3.0,0.11,,4.0,2.28,,2.0,26.09,,2.0,28.37,,2.0,2.48,,4.0,0.84,,3.0,3.32,,4.0,0.61,0.9,6.0,3.24,0.83,,8.32,,1.0,-9.29,,5.0,0.03,,7.0,-0.08,,4.0,0.08,,2.0,0.37,,2.0,-0.46,,4.0,0.08,,5.0,1.01,,7.0,0.49,,8.0,0.45
8829.0,CFM EXATO,Nelore CEIP,LG296816,17/09/2016,28.3,ceip; maternal; peso; reprodutivo; semiextensivo,0.95,1.0,0.3,0.93,1.0,0.38,0.95,1.0,15.21,0.93,1.0,42.85,0.93,1.0,58.07,0.93,1.0,6.01,0.95,1.0,6.72,0.93,1.0,12.73,0.43,9.0,-1.36,0.95,1.0,16.44,0.89,1.0,17.66,0.64,8.0,2.7,0.95,2.0,0.19,0.93,1.0,0.46,0.95,3.0,0.1,0.87,3.0,0.27,0.93,10.0,1.5,0.93,1.0,0.24,0.31,5.0,2.05,0.96,4.0,0.53,0.93,8.0,0.46
11315.0,PU007619 - CFM HULK,Nelore CEIP,PU007619,26/08/2019,49.9,ceip; ifert; maternal; peso; reprodutivo; semiextensivo,0.97,1.0,0.23,0.97,1.0,0.42,0.97,1.0,10.81,0.97,1.0,66.14,0.97,1.0,76.95,0.97,1.0,8.65,0.97,1.0,5.04,0.97,1.0,13.69,0.48,3.0,1.1,0.97,1.0,18.03,0.94,1.0,22.91,0.78,5.0,-0.04,0.97,1.0,0.28,0.97,1.0,0.57,0.97,1.0,0.27,0.95,4.0,0.17,0.96,7.0,0.17,0.97,1.0,0.51,0.35,2.0,9.02,0.99,7.0,0.49,0.98,8.0,0.46
8962.0,CIA TESOURO AJ,Nelore CEIP,529219AJ,22/11/2019,25.9,ceip; maternal; peso; semiextensivo,,2.0,0.15,,2.0,0.13,,1.0,8.85,,4.0,7.35,,3.0,16.2,,4.0,0.69,,1.0,3.87,,2.0,4.56,,5.0,0.03,0.96,4.0,7.54,0.94,,1.87,,0.0,9.15,,6.0,-0.03,,6.0,-0.02,,2.0,0.15,,5.0,0.01,,8.0,0.37,,3.0,0.16,,2.0,8.94,,2.0,0.57,,2.0,0.57
10106.0,HUMAITÁ PARM,Nelore CEIP,M30021DFM,25/08/2021,48.0,ceip; ifert; maternal; novilhas; peso; extensivo,0.98,9.0,-0.13,0.97,9.0,-0.14,0.98,2.0,4.72,0.97,9.0,-21.4,0.97,8.0,-16.68,0.97,8.0,-2.14,0.98,2.0,1.99,0.97,6.0,-0.15,0.48,9.0,-1.44,0.98,2.0,13.98,0.95,3.0,12.89,0.79,4.0,-1.54,0.98,1.0,0.69,0.97,1.0,0.77,0.98,1.0,0.44,0.96,1.0,0.77,0.98,3.0,-0.29,0.97,1.0,0.47,0.48,1.0,14.81,0.99,7.0,0.49,0.99,3.0,0.54
9023.0,MACAUBA FM,Nelore CEIP,29120FM,14/08/2020,36.5,ceip; maternal; novilhas; peso; semiextensivo,0.88,1.0,0.2,0.85,1.0,0.34,0.88,2.0,5.64,0.85,1.0,38.48,0.85,1.0,44.12,0.85,1.0,4.37,0.88,2.0,2.4,0.85,1.0,6.77,0.52,4.0,0.61,0.87,4.0,7.13,0.84,3.0,13.44,0.76,1.0,-6.16,0.88,5.0,0.0,0.85,3.0,0.16,0.88,3.0,0.12,0.81,1.0,0.66,0.91,1.0,-0.64,0.85,2.0,0.21,0.5,1.0,12.89,0.92,10.0,0.36,0.89,9.0,0.42
9070.0,NIMBUS KA,Nelore PO,KAPO1987,09/11/2017,38.9,po; ifert; carcaca-4-estrelas; peso; reprodutivo; semiextensivo,,1.0,0.24,,5.0,0.03,,1.0,8.23,,8.0,-16.52,,7.0,-8.29,,9.0,-2.19,,1.0,3.71,,4.0,1.51,,0.0,-2.04,0.97,2.0,12.37,0.94,,7.07,,5.0,-1.13,,2.0,0.15,,2.0,0.16,,3.0,0.09,,1.0,1.3,,10.0,1.3,,5.0,0.02,,3.0,6.6,,0.0,0.38,,0.0,0.35
10020.0,PAINT AH,Nelore CEIP,0K531,19/12/2021,31.2,ceip; ifert; maternal; peso; semiextensivo,0.95,1.0,0.26,0.94,1.0,0.34,0.95,1.0,9.99,0.94,2.0,27.04,0.94,1.0,37.03,0.94,2.0,3.15,0.95,1.0,4.24,0.94,1.0,7.39,0.54,1.0,2.22,0.95,1.0,16.69,0.91,2.0,15.62,0.7,6.0,0.73,0.95,1.0,0.27,0.94,1.0,0.36,0.95,2.0,0.18,0.9,3.0,0.24,0.93,7.0,0.19,0.94,1.0,0.26,0.53,1.0,13.63,0.97,4.0,0.52,0.96,6.0,0.51
8507.0,PAINT BINOTAURO,Nelore CEIP,6025,08/09/2017,229.7,ceip; ifert; maternal; novilhas; reprodutivo; extensivo,0.98,6.0,-0.03,0.98,8.0,-0.12,0.98,2.0,6.14,0.98,5.0,3.5,0.98,4.0,9.64,0.98,5.0,0.28,0.98,2.0,2.47,0.98,3.0,2.75,0.95,10.0,-4.25,0.98,2.0,12.08,0.98,3.0,12.02,0.98,2.0,-4.29,0.98,1.0,0.32,0.98,1.0,0.29,0.98,1.0,0.32,0.98,3.0,0.29,0.98,1.0,-0.86,0.98,1.0,0.31,0.5,2.0,11.47,0.99,2.0,0.57,0.99,1.0,0.58
8938.0,PAINT CAPITÃO,Nelore CEIP,T436,13/10/2019,33.9,ceip; ifert; maternal; novilhas; extensivo,,8.0,-0.1,,8.0,-0.11,,6.0,-1.19,,3.0,13.38,,4.0,12.19,,4.0,1.29,,7.0,-0.82,,5.0,0.46,,1.0,2.54,0.98,8.0,-2.97,0.97,,3.52,,4.0,-2.02,,5.0,0.03,,4.0,0.06,,6.0,0.0,,9.0,-0.36,,1.0,-0.96,,5.0,0.05,,1.0,12.57,,4.0,0.53,,6.0,0.5
9559.0,PAINT CARVALHO,Nelore CEIP,C262,02/01/2019,31.2,ceip; ifert; peso; extensivo,0.97,1.0,0.29,0.96,1.0,0.28,0.97,1.0,12.83,0.96,2.0,24.15,0.96,1.0,36.98,0.96,2.0,2.51,0.97,1.0,5.48,0.96,1.0,8.0,0.68,5.0,0.21,0.97,1.0,18.82,0.95,2.0,14.92,0.88,5.0,-0.01,0.97,1.0,0.21,0.96,2.0,0.18,0.97,1.0,0.27,0.95,10.0,-0.41,0.96,9.0,0.53,0.96,2.0,0.19,0.91,1.0,27.5,0.98,9.0,0.45,0.98,10.0,0.31
9161.0,PAINT CORAL VR,Nelore CEIP,S473,03/10/2020,31.2,ceip; maternal; novilhas; semiextensivo,,9.0,-0.13,,6.0,-0.03,,6.0,-0.47,,5.0,3.02,,5.0,2.56,,5.0,0.09,,7.0,-0.64,,6.0,-0.56,,0.0,-2.84,0.97,7.0,-0.63,0.95,,4.02,,7.0,1.7,,3.0,0.13,,2.0,0.2,,2.0,0.14,,7.0,-0.18,,1.0,-1.1,,2.0,0.16,,1.0,13.54,,4.0,0.53,,5.0,0.52
8876.0,PAINT CRONOS,Nelore CEIP,F0065,18/09/2019,31.2,ceip; semiextensivo,,8.0,-0.1,,0.0,-0.21,,6.0,-0.4,,5.0,4.06,,5.0,3.66,,5.0,0.14,,7.0,-0.7,,6.0,-0.56,,0.0,-3.79,0.98,7.0,-0.6,0.97,,5.06,,2.0,-4.05,,3.0,0.09,,3.0,0.1,,2.0,0.17,,3.0,0.22,,7.0,0.19,,1.0,0.28,,2.0,10.67,,7.0,0.48,,7.0,0.48
9126.0,PAINT FIRMNESS,Nelore CEIP,Q278,19/10/2020,24.8,ceip; maternal; reprodutivo; semiextensivo,,8.0,-0.11,,8.0,-0.1,,5.0,1.21,,3.0,15.99,,3.0,17.2,,3.0,1.84,,5.0,0.42,,4.0,2.26,,0.0,-4.05,0.95,7.0,0.51,0.92,,4.95,,6.0,0.99,,5.0,0.01,,4.0,0.08,,5.0,0.04,,1.0,0.93,,7.0,0.14,,3.0,0.13,,1.0,13.63,,1.0,0.57,,4.0,0.53
10018.0,PAINT GAVIÃO FP,Nelore CEIP,G2283,13/09/2021,24.8,ceip; maternal; reprodutivo; extensivo,,7.0,-0.05,,0.0,-0.25,,4.0,2.84,,6.0,-3.81,,6.0,-0.97,,6.0,-0.56,,4.0,1.17,,5.0,0.61,,9.0,-1.5,0.96,5.0,5.51,0.91,,5.99,,2.0,-4.48,,1.0,0.21,,2.0,0.19,,3.0,0.12,,2.0,0.52,,1.0,-0.77,,5.0,0.04,,1.0,15.14,,7.0,0.48,,7.0,0.49
10137.0,PAINT GREGO FP,Nelore CEIP,G4353,03/11/2021,28.3,ceip; maternal; novilhas; peso; extensivo,0.96,8.0,-0.1,0.88,6.0,-0.04,0.96,4.0,2.53,0.88,1.0,33.31,0.88,1.0,35.84,0.88,1.0,4.34,0.96,4.0,0.89,0.88,2.0,5.24,0.52,4.0,0.82,0.95,6.0,1.7,0.88,4.0,9.78,0.72,6.0,0.53,0.96,6.0,0.0,0.88,1.0,0.4,0.96,4.0,0.06,0.81,2.0,0.51,0.96,3.0,-0.38,0.88,1.0,0.25,0.39,1.0,23.31,0.98,9.0,0.44,0.91,7.0,0.48
10098.0,PAINT ITAPUI FF,Nelore CEIP,IO129,10/08/2021,31.2,ceip; ifert; peso; reprodutivo; extensivo,0.94,2.0,0.15,0.93,2.0,0.13,0.94,1.0,13.67,0.93,4.0,6.73,0.93,3.0,20.4,0.93,4.0,0.68,0.94,1.0,5.8,0.93,1.0,6.47,0.48,9.0,-1.56,0.94,1.0,22.66,0.89,1.0,16.8,0.66,4.0,-2.23,0.94,1.0,0.39,0.93,1.0,0.39,0.94,1.0,0.28,0.87,2.0,0.42,0.92,7.0,0.18,0.93,1.0,0.26,0.39,2.0,9.02,0.95,3.0,0.54,0.94,7.0,0.48
10019.0,PAINT LOGAN,Nelore CEIP,L3301,27/11/2021,55.0,ceip; ifert; maternal; peso; extensivo,0.97,1.0,0.2,0.96,3.0,0.12,0.97,1.0,12.51,0.96,1.0,46.8,0.96,1.0,59.31,0.96,1.0,5.91,0.97,1.0,5.26,0.96,1.0,11.16,0.52,7.0,-0.74,0.97,1.0,27.61,0.92,1.0,28.27,0.7,5.0,-0.77,0.97,1.0,0.68,0.96,1.0,0.91,0.97,1.0,0.62,0.92,5.0,0.03,0.97,10.0,1.04,0.96,1.0,0.85,0.38,1.0,19.3,0.99,3.0,0.53,0.97,4.0,0.52
9107.0,PAINT MAESTRO VR,Nelore CEIP,S116,25/06/2020,24.8,ceip; maternal; extensivo,,4.0,0.06,,3.0,0.11,,4.0,2.08,,3.0,18.01,,3.0,20.1,,3.0,2.04,,5.0,0.19,,4.0,2.24,,7.0,-0.48,0.96,7.0,1.58,0.93,,7.48,,5.0,-0.24,,2.0,0.18,,2.0,0.22,,6.0,-0.01,,5.0,0.03,,5.0,-0.09,,3.0,0.14,,2.0,11.36,,5.0,0.51,,3.0,0.55
8865.0,PAINT MILIONARIO,Nelore CEIP,R176,05/08/2019,31.2,ceip; ifert; maternal; reprodutivo; semiextensivo,,6.0,-0.01,,4.0,0.06,,6.0,-0.88,,2.0,28.82,,2.0,27.95,,1.0,3.35,,6.0,-0.39,,3.0,2.96,,7.0,-0.69,0.98,7.0,-1.51,0.96,,5.16,,5.0,-0.3,,7.0,-0.06,,5.0,0.01,,3.0,0.1,,5.0,0.04,,6.0,0.11,,2.0,0.17,,1.0,12.82,,8.0,0.47,,9.0,0.41
10099.0,PAINT MOISES,Nelore CEIP,1091,07/08/2021,32.4,ceip; ifert; peso; semiextensivo,,6.0,0.0,,6.0,-0.01,,5.0,1.28,,2.0,25.3,,2.0,26.58,,1.0,3.42,,5.0,0.14,,3.0,3.56,,2.0,1.68,0.95,6.0,2.63,0.9,,8.3,,8.0,3.31,,2.0,0.13,,1.0,0.29,,2.0,0.13,,3.0,0.27,,6.0,0.12,,2.0,0.2,,7.0,-2.53,,6.0,0.51,,8.0,0.46
9148.0,PAINT SANTA LUZIA,Nelore CEIP,H1089,15/08/2020,31.2,ceip; ifert; semiextensivo,,7.0,-0.05,,5.0,0.0,,6.0,-0.96,,6.0,-5.05,,6.0,-6.01,,6.0,-0.65,,7.0,-0.6,,6.0,-1.26,,1.0,2.58,0.91,8.0,-2.17,0.84,,0.99,,7.0,2.21,,7.0,-0.06,,5.0,0.01,,5.0,0.03,,5.0,0.05,,5.0,-0.04,,5.0,0.02,,3.0,6.3,,8.0,0.46,,6.0,0.5
8871.0,PAINT SCHEFFER,Nelore CEIP,G2407,01/11/2019,194.8,ceip; ifert; maternal; novilhas; peso; semiextensivo,0.98,6.0,-0.03,0.98,3.0,0.1,0.98,4.0,2.3,0.98,1.0,36.93,0.98,1.0,39.22,0.98,1.0,4.36,0.98,4.0,0.72,0.98,2.0,5.08,0.85,1.0,2.29,0.98,5.0,4.36,0.98,3.0,11.82,0.97,5.0,-1.02,0.98,2.0,0.17,0.98,1.0,0.31,0.98,2.0,0.13,0.98,2.0,0.46,0.98,1.0,-0.65,0.98,1.0,0.3,0.38,1.0,14.44,0.99,9.0,0.44,0.99,10.0,0.4
12450.0,PAINT THANUS,Nelore CEIP,D342,03/10/2020,32.4,ceip; ifert; maternal; novilhas; peso; reprodutivo; semiextensivo,0.87,1.0,0.18,0.82,1.0,0.21,0.87,2.0,6.74,0.82,2.0,23.57,0.82,2.0,30.32,0.82,2.0,3.0,0.87,1.0,2.84,0.82,2.0,5.84,0.53,2.0,1.39,0.83,1.0,15.34,0.78,1.0,18.77,0.7,2.0,-5.11,0.87,1.0,0.38,0.82,1.0,0.58,0.87,1.0,0.3,0.81,1.0,0.94,0.81,5.0,-0.02,0.82,1.0,0.45,0.42,1.0,12.34,0.87,6.0,0.5,0.83,6.0,0.5
8888.0,PAINT VOLPI AS,Nelore CEIP,A0076,18/07/2019,25.9,ceip; ifert; novilhas; semiextensivo,,3.0,0.09,,2.0,0.14,,3.0,2.95,,1.0,35.61,,1.0,38.56,,1.0,4.14,,4.0,1.01,,2.0,5.14,,3.0,1.32,0.98,7.0,0.94,0.97,,5.81,,6.0,0.85,,8.0,-0.1,,4.0,0.07,,6.0,-0.02,,9.0,-0.27,,3.0,-0.38,,2.0,0.17,,2.0,9.46,,0.0,0.41,,0.0,0.37
8645.0,PIRATINI FM,Nelore CEIP,35814FM,12/09/2014,21.3,ceip; novilhas; semiextensivo,,0.0,-0.25,,7.0,-0.08,,0.0,-10.09,,2.0,28.64,,3.0,18.55,,1.0,3.37,,0.0,-4.1,,6.0,-0.73,,1.0,3.86,0.88,0.0,-22.2,0.86,,2.86,,1.0,-11.22,,4.0,0.08,,1.0,0.28,,2.0,0.18,,8.0,-0.2,,1.0,-1.7,,1.0,0.3,,3.0,5.37,,2.0,0.56,,5.0,0.52
8343.0,PRO LITRO BAL,Nelore CEIP,680316BAL,31/10/2016,31.2,ceip; ifert; maternal; peso; extensivo,0.98,4.0,0.06,0.97,2.0,0.14,0.98,2.0,6.47,0.97,1.0,30.97,0.97,1.0,37.44,0.97,1.0,3.71,0.98,2.0,2.61,0.97,1.0,6.31,0.81,9.0,-1.55,0.98,4.0,8.56,0.96,4.0,11.23,0.89,5.0,-0.31,0.98,3.0,0.12,0.97,3.0,0.13,0.98,2.0,0.14,0.96,5.0,0.08,0.97,6.0,0.11,0.97,2.0,0.23,0.97,2.0,10.48,0.99,4.0,0.52,0.99,4.0,0.53
8701.0,PRO MESTRE BAL,Nelore CEIP,828217BAL,23/11/2017,24.8,ceip; maternal; extensivo,,4.0,0.05,,1.0,0.24,,6.0,-0.53,,2.0,23.48,,2.0,22.96,,2.0,2.88,,6.0,-0.34,,4.0,2.54,,1.0,2.57,0.97,8.0,-2.18,0.96,,4.85,,5.0,-0.09,,7.0,-0.05,,5.0,0.02,,7.0,-0.05,,1.0,1.45,,8.0,0.26,,4.0,0.09,,3.0,5.14,,7.0,0.49,,3.0,0.54
8980.0,QATAR DA DI GÊNIO,Nelore PO,JCDG12029,23/08/2018,43.7,po; ceip; ifert; pnat; maternal; peso; reprodutivo; semiextensivo,,1.0,0.65,,1.0,0.5,,1.0,18.9,,7.0,-6.59,,4.0,12.3,,6.0,-0.53,,1.0,8.49,,1.0,7.96,,1.0,2.25,0.98,1.0,21.8,0.96,,8.03,,7.0,1.3,,4.0,0.05,,6.0,-0.05,,8.0,-0.1,,4.0,0.17,,10.0,1.34,,9.0,-0.17,,1.0,21.38,,7.0,0.49,,7.0,0.48
8646.0,QUARAÍ FM,Nelore CEIP,97418FM,13/12/2018,18.7,ceip; maternal; novilhas; semiextensivo,,5.0,0.03,,7.0,-0.04,,4.0,1.81,,3.0,18.5,,3.0,20.31,,2.0,2.59,,4.0,0.65,,3.0,3.24,,1.0,2.28,0.97,6.0,1.98,0.95,,4.8,,6.0,0.42,,4.0,0.04,,4.0,0.08,,5.0,0.01,,1.0,0.77,,1.0,-1.17,,5.0,0.03,,2.0,9.55,,1.0,0.62,,2.0,0.58
8149.0,TANNAT AJ,Nelore CEIP,586214AJ,12/11/2014,49.9,ceip; ifert; maternal; novilhas; peso; reprodutivo; semiextensivo,0.98,3.0,0.08,0.98,4.0,0.08,0.98,2.0,5.15,0.98,2.0,27.09,0.98,2.0,32.24,0.98,1.0,3.26,0.98,2.0,2.11,0.98,2.0,5.37,0.98,1.0,2.27,0.98,4.0,8.11,0.98,2.0,14.2,0.98,1.0,-10.55,0.98,2.0,0.15,0.98,1.0,0.25,0.98,4.0,0.07,0.98,3.0,0.32,0.98,2.0,-0.54,0.98,2.0,0.16,0.98,1.0,16.77,0.99,7.0,0.48,0.99,7.0,0.48
11100.0,TEXAS NEG,Nelore CEIP,91063920NEG,21/10/2020,28.3,ceip; maternal; peso; semiextensivo,0.94,1.0,0.25,0.81,1.0,0.26,0.94,1.0,9.29,0.81,2.0,22.44,0.81,2.0,31.73,0.81,2.0,2.92,0.94,1.0,5.47,0.81,1.0,8.38,0.5,10.0,-4.86,0.89,1.0,20.88,0.81,2.0,16.31,0.68,5.0,-0.81,0.94,1.0,0.34,0.81,3.0,0.13,0.94,1.0,0.28,0.8,6.0,-0.03,0.95,10.0,0.66,0.81,2.0,0.23,0.4,1.0,16.4,0.95,2.0,0.55,0.84,4.0,0.53
8317.0,UNANIME TUL,Nelore CEIP,867716TUL,15/10/2016,249.0,ceip; ifert; maternal; peso; semiintensivo,0.98,2.0,0.16,0.98,1.0,0.26,0.98,2.0,5.79,0.98,1.0,49.51,0.98,1.0,55.31,0.98,1.0,6.27,0.98,2.0,2.44,0.98,1.0,8.71,0.97,4.0,0.84,0.98,3.0,9.85,0.98,2.0,13.94,0.98,5.0,-0.98,0.98,2.0,0.13,0.98,1.0,0.25,0.98,2.0,0.14,0.98,6.0,-0.05,0.98,7.0,0.22,0.98,1.0,0.3,0.98,1.0,15.82,0.99,10.0,0.37,0.99,10.0,0.34
8963.0,WIFI  AJ,Nelore CEIP,317418AJ,04/01/2019,36.5,ceip; ifert; maternal; peso; reprodutivo; semiextensivo,0.98,2.0,0.13,0.98,1.0,0.2,0.98,3.0,3.65,0.98,1.0,33.25,0.98,1.0,36.91,0.98,1.0,3.95,0.98,3.0,1.71,0.98,2.0,5.66,0.82,2.0,1.39,0.98,5.0,6.49,0.97,2.0,13.77,0.94,2.0,-5.38,0.98,6.0,-0.01,0.98,2.0,0.17,0.98,1.0,0.26,0.97,1.0,1.42,0.98,5.0,-0.1,0.98,1.0,0.44,0.78,1.0,20.55,0.99,9.0,0.43,0.99,9.0,0.41
8311.0,ZELO AJ,Nelore CEIP,223415AJ,09/11/2015,31.2,ceip; ifert; maternal; peso; semiextensivo,0.98,5.0,0.0,0.98,4.0,0.06,0.98,3.0,3.7,0.98,1.0,35.3,0.98,1.0,39.0,0.98,1.0,4.53,0.98,3.0,1.56,0.98,2.0,6.09,0.97,4.0,0.83,0.98,5.0,5.89,0.98,3.0,11.75,0.97,6.0,1.11,0.98,5.0,0.02,0.98,2.0,0.21,0.98,2.0,0.19,0.98,2.0,0.49,0.98,8.0,0.3,0.98,1.0,0.38,0.98,2.0,9.9,0.99,10.0,0.37,0.99,10.0,0.33
9872.0,ZEUS FM,Nelore CEIP,207221FM,26/08/2021,28.3,ceip; maternal; novilhas; peso; extensivo,0.89,2.0,0.11,0.81,1.0,0.2,0.89,3.0,4.47,0.81,1.0,31.15,0.81,1.0,35.62,0.81,1.0,4.1,0.89,2.0,2.76,0.81,1.0,6.86,0.51,3.0,0.95,0.87,2.0,14.0,0.81,1.0,18.52,0.72,3.0,-2.98,0.89,1.0,0.32,0.81,1.0,0.55,0.89,1.0,0.29,0.81,7.0,-0.14,0.89,4.0,-0.15,0.81,1.0,0.5,0.47,1.0,19.35,0.92,6.0,0.51,0.86,6.0,0.5
