crv_code,nome_oficial,raca,rgd,data_nascimento,preco_convencional,selos,ANCP_MGTe_DEP,ANCP_MGTe_TOP,ANCP_D3P_ACC,ANCP_D3P_DEP,ANCP_D3P_TOP,ANCP_DACAB_ACC,ANCP_DACAB_DEP,ANCP_DACAB_TOP,ANCP_DAOL_ACC,ANCP_DAOL_DEP,ANCP_DAOL_TOP,ANCP_DCAR_ACC,ANCP_DCAR_DEP,ANCP_DCAR_TOP,ANCP_DFPP_ACC,ANCP_DFPP_DEP,ANCP_DFPP_TOP,ANCP_DFRAME_ACC,ANCP_DFRAME_DEP,ANCP_DFRAME_TOP,ANCP_DIPP_ACC,ANCP_DIPP_DEP,ANCP_DIPP_TOP,ANCP_DMARM_ACC,ANCP_DMARM_DEP,ANCP_DMARM_TOP,ANCP_DP210_ACC,ANCP_DP210_DEP,ANCP_DP210_TOP,ANCP_DP365_ACC,ANCP_DP365_DEP,ANCP_DP365_TOP,ANCP_DP450_ACC,ANCP_DP450_DEP,ANCP_DP450_TOP,ANCP_DPE450_ACC,ANCP_DPE450_DEP,ANCP_DPE450_TOP,ANCP_DSTAY_ACC,ANCP_DSTAY_DEP,ANCP_DSTAY_TOP,ANCP_MGTe_ACC,ANCP_MP120_ACC,ANCP_MP120_DEP,ANCP_MP120_TOP,ANCP_MP210_ACC,ANCP_MP210_DEP,ANCP_MP210_TOP,ANCP_N°_FILHOS,ANCP_N°_REBANHOS,ANCP_PAC_ACC,ANCP_PAC_DEP,ANCP_PAC_TOP,ANCP_PN_ACC,ANCP_PN_DEP,ANCP_PN_TOP
9006.0,ACE FC CACHOEIRAO,Nelore PO,FCCH2110,13/07/2020,33.9,po; ifert; carcaca-4-estrelas; maternal; peso; reprodutivo; semiintensivo,26.63,8.0,23.0,87.3,6.0,20.0,0.31,15.0,21.0,4.5,4.0,17.0,-0.05,36.0,28.0,40.94,86.0,17.0,0.159,88.0,19.0,-1.18,4.0,18.0,0.05,24.0,24.0,18.1,3.0,30.0,30.15,5.0,25.0,28.57,6.0,28.0,1.44,10.0,20.0,79.6,17.0,20.0,22.0,1.68,38.0,23.0,2.65,42.0,0.0,0.0,17.0,6.91,22.0,32.0,0.97,80.0
9031.0,ALIADO JL DA BAMA,Nelore PO,AIBA2139,18/08/2019,31.2,po; carcaca-3-estrelas; car; maternal; novilhas; peso; semiextensivo,20.17,18.0,44.0,75.92,49.0,41.0,0.3,16.0,44.0,2.11,22.0,6.0,-0.06,31.0,37.0,64.06,0.5,5.0,-0.28,5.0,14.0,-0.43,71.0,44.0,0.04,29.0,52.0,8.39,29.0,65.0,17.35,23.0,48.0,18.28,23.0,54.0,0.19,61.0,55.0,77.27,21.0,41.0,47.0,5.45,2.0,13.0,7.67,2.0,104.0,6.0,5.0,6.53,25.0,59.0,-1.0,3.0
9749.0,1440  DE NAVIRAI,Nelore PO,CSCZ1440,18/11/2020,36.5,po; carcaca-5-estrelas; peso; semiintensivo,28.81,5.0,32.0,75.73,50.0,60.0,0.66,5.0,63.0,5.68,2.0,38.0,-0.09,14.0,65.0,42.79,79.0,48.0,-0.28,5.0,42.0,-1.25,3.0,33.0,-0.03,65.0,65.0,18.06,3.0,66.0,30.64,4.0,67.0,32.18,3.0,63.0,1.15,16.0,41.0,89.06,5.0,32.0,48.0,1.99,31.0,49.0,-0.94,99.0,3.0,1.0,54.0,9.37,9.0,63.0,0.16,40.0
9073.0,ARACUÃ DA MDLO,Nelore PO,MDLO1711,25/07/2020,33.9,po; car; maternal; peso; reprodutivo; semiintensivo,30.75,3.0,53.0,90.54,2.0,65.0,0.3,16.0,67.0,2.67,17.0,39.0,-0.18,0.5,37.0,41.31,85.0,50.0,-0.05,23.0,44.0,-1.62,0.1,58.0,0.02,38.0,67.0,17.67,4.0,68.0,35.18,2.0,70.0,30.64,4.0,65.0,2.18,2.0,48.0,96.22,2.0,48.0,49.0,4.43,5.0,49.0,6.97,3.0,8.0,1.0,48.0,10.83,4.0,63.0,1.74,98.0
9862.0,C2503 DA S.NICE,Nelore PO,GRIC2503,05/09/2021,31.2,po; carcaca-4-estrelas; car; maternal; peso; reprodutivo; semiintensivo,30.3,4.0,75.0,85.49,10.0,55.0,0.36,13.0,55.0,3.78,8.0,33.0,-0.06,30.0,65.0,51.85,14.0,42.0,-0.14,12.0,36.0,-0.89,19.0,53.0,0.04,29.0,57.0,16.05,6.0,56.0,27.7,7.0,59.0,28.75,6.0,52.0,1.11,17.0,68.0,98.85,1.0,38.0,38.0,4.63,4.0,38.0,6.63,4.0,72.0,4.0,49.0,12.62,2.0,59.0,1.08,85.0
8095.0,AVATAR MAT,Nelore PO,RDM8694,10/11/2015,36.5,po; ifert; carcaca-3-estrelas; car; peso; semiintensivo,20.18,18.0,88.0,83.73,15.0,80.0,0.06,44.0,82.0,2.62,17.0,66.0,-0.11,5.0,79.0,48.22,38.0,63.0,0.21,94.0,70.0,-0.81,27.0,71.0,-0.04,71.0,93.0,13.11,12.0,92.0,18.05,22.0,92.0,18.42,23.0,86.0,1.3,13.0,84.0,87.28,7.0,71.0,71.0,-0.08,89.0,72.0,1.26,77.0,696.0,15.0,57.0,5.2,35.0,93.0,-0.09,28.0
7882.0,B1909 DA JANDAIA,Nelore PO,AIAB1909,13/10/2012,36.5,po; car; reprodutivo; semiintensivo,18.13,23.0,85.0,76.61,46.0,61.0,0.2,21.0,61.0,0.12,78.0,35.0,-0.08,18.0,79.0,50.23,23.0,47.0,-0.23,7.0,48.0,-0.87,21.0,54.0,0.1,9.0,77.0,11.86,16.0,81.0,12.42,36.0,83.0,19.51,20.0,77.0,1.04,19.0,85.0,88.83,6.0,54.0,54.0,1.04,60.0,54.0,3.07,34.0,178.0,14.0,37.0,8.51,13.0,83.0,0.85,75.0
8692.0,BÁRBARO DA EAO,Nelore PO,EAOA9063,20/08/2018,31.2,po; ifert; carcaca-4-estrelas; car; peso; semiintensivo,21.63,15.0,84.0,79.76,31.0,75.0,0.35,14.0,77.0,2.73,16.0,47.0,-0.06,29.0,77.0,38.8,96.0,48.0,-0.66,0.1,55.0,-0.88,20.0,70.0,-0.03,65.0,84.0,11.25,18.0,85.0,24.81,11.0,87.0,23.14,14.0,81.0,1.48,9.0,80.0,76.52,23.0,56.0,56.0,2.98,15.0,55.0,4.76,13.0,187.0,21.0,51.0,7.14,20.0,82.0,1.0,81.0
11107.0,9891 FIV DA COMETA,Nelore PO,FLPE9891,27/09/2022,31.2,po; carcaca-4-estrelas; car; pnat; maternal; peso; reprodutivo; semiintensivo,32.77,2.0,59.0,75.11,53.0,62.0,0.51,9.0,62.0,6.7,0.1,30.0,-0.08,19.0,44.0,40.44,88.0,51.0,-0.121,14.0,38.0,-0.46,68.0,54.0,-0.01,54.0,63.0,18.96,3.0,65.0,35.38,2.0,67.0,37.44,1.0,63.0,1.84,4.0,51.0,79.6,17.0,43.0,43.0,5.24,2.0,43.0,7.79,2.0,48.0,3.0,42.0,7.96,16.0,64.0,1.65,97.0
8884.0,BIGUA DA MN,Nelore PO,LBMNE2937,06/08/2018,24.8,po; carcaca-4-estrelas; car; semiextensivo,17.28,25.0,7.0,75.32,52.0,23.0,0.36,13.0,14.0,2.71,16.0,5.0,-0.07,26.0,40.0,55.94,3.0,17.0,-0.186,9.0,10.0,-0.95,15.0,5.0,0.07,17.0,41.0,4.05,54.0,49.0,10.38,43.0,25.0,13.97,34.0,35.0,0.56,34.0,13.0,82.73,12.0,7.0,11.0,3.2,13.0,11.0,4.81,13.0,21.0,1.0,6.0,7.33,19.0,56.0,-0.27,21.0
8802.0,BOLT FC CACHOEIRÃO,Nelore PO,FCCH1901,30/08/2019,18.7,po; atj-plus; reprodutivo; semiextensivo,18.21,23.0,14.0,85.08,11.0,12.0,-0.1,84.0,15.0,1.85,25.0,14.0,0.03,84.0,17.0,46.42,53.0,17.0,0.138,85.0,13.0,-1.02,10.0,6.0,-0.06,82.0,23.0,10.29,21.0,26.0,19.26,19.0,13.0,17.17,25.0,17.0,0.76,27.0,14.0,72.05,33.0,11.0,11.0,2.66,19.0,16.0,4.02,20.0,0.0,0.0,6.0,6.85,22.0,34.0,1.48,95.0
12132.0,BUGATTI DA CONFIANÇA,Nelore PO,DVD6173,17/12/2023,31.2,po; carcaca-3-estrelas; car; rp-ancp; maternal; peso; reprodutivo; semiintensivo,33.27,2.0,56.0,93.21,1.0,61.0,0.4,12.0,64.0,4.97,3.0,40.0,-0.05,36.0,46.0,44.17,71.0,51.0,0.33,99.0,35.0,-1.26,2.0,59.0,-0.04,71.0,62.0,16.68,5.0,63.0,35.64,2.0,65.0,32.5,3.0,62.0,1.79,5.0,50.0,91.07,4.0,42.0,42.0,5.61,2.0,42.0,8.54,1.0,0.0,0.0,42.0,12.34,2.0,62.0,1.59,97.0
8816.0,CAPITAL  DA EAO,Nelore PO,EAOB1830,26/08/2019,48.0,po; ifert; carcaca-5-estrelas; car; maternal; peso; reprodutivo; semiextensivo,28.52,5.0,61.0,95.72,0.1,66.0,1.43,0.1,67.0,3.2,12.0,44.0,-0.15,2.0,47.0,47.89,41.0,55.0,-0.714,0.1,43.0,-1.23,3.0,62.0,0.27,0.1,69.0,13.7,11.0,77.0,22.73,14.0,75.0,27.03,8.0,71.0,0.85,24.0,52.0,97.09,2.0,51.0,51.0,2.47,22.0,49.0,3.81,23.0,127.0,11.0,31.0,10.98,4.0,66.0,0.97,80.0
12131.0,CHUMBO DA DIAMANTE,Nelore PO,TJL2186,10/09/2023,32.4,po; ifert; carcaca-5-estrelas; car; rp-ancp; maternal; peso; reprodutivo; semiextensivo,34.64,1.0,53.0,88.01,5.0,62.0,1.58,0.1,63.0,4.58,4.0,41.0,-0.05,37.0,40.0,42.83,79.0,50.0,-0.63,0.5,40.0,-1.19,4.0,55.0,0.18,2.0,63.0,19.56,2.0,66.0,31.65,4.0,66.0,33.72,3.0,60.0,2.25,2.0,44.0,99.1,1.0,44.0,45.0,3.8,8.0,43.0,5.32,10.0,0.0,0.0,51.0,12.04,2.0,61.0,0.78,71.0
10680.0,8293 FIV DE NAVIRAI,Nelore PO,CSCC8293,20/09/2022,36.5,po; ifert; carcaca-3-estrelas; car; maternal; peso; reprodutivo; semiintensivo,33.23,2.0,53.0,77.08,44.0,57.0,0.29,16.0,60.0,4.5,4.0,31.0,-0.08,16.0,41.0,35.36,99.0,44.0,0.018,46.0,37.0,-0.85,23.0,52.0,-0.05,76.0,58.0,22.84,0.5,62.0,37.61,1.0,66.0,39.59,0.5,59.0,1.6,7.0,46.0,87.65,7.0,43.0,43.0,4.86,3.0,43.0,7.41,3.0,5.0,1.0,51.0,15.63,0.1,62.0,1.08,85.0
8459.0,CORINGA MAT,Nelore PO,RDM9990,26/07/2017,36.5,po; ifert; carcaca-3-estrelas; car; peso; semiintensivo,26.01,8.0,84.0,82.29,20.0,77.0,0.3,16.0,79.0,5.42,2.0,57.0,-0.23,0.1,80.0,38.69,97.0,73.0,0.4,100.0,62.0,-1.15,5.0,73.0,-0.01,54.0,85.0,14.18,10.0,91.0,21.66,15.0,90.0,24.68,11.0,88.0,1.16,16.0,83.0,89.56,5.0,62.0,62.0,1.84,34.0,61.0,3.9,22.0,464.0,22.0,35.0,9.52,8.0,91.0,1.8,99.0
12239.0,D8813 DA GREN,Nelore PO,GREND8813,17/07/2023,31.2,po; carcaca-5-estrelas; car; maternal; peso; reprodutivo; extensivo,28.23,6.0,53.0,82.86,18.0,58.0,1.14,1.0,60.0,4.11,6.0,33.0,-0.17,0.5,44.0,47.73,42.0,47.0,-0.318,4.0,40.0,-0.94,15.0,54.0,0.15,4.0,63.0,13.65,11.0,66.0,27.74,7.0,68.0,27.25,8.0,63.0,1.08,18.0,49.0,90.23,5.0,47.0,47.0,4.04,7.0,46.0,5.75,7.0,0.0,0.0,57.0,8.94,11.0,65.0,1.25,90.0
10681.0,J2832 DA MDLO,Nelore PO,MDLO2832,15/08/2022,36.5,po; ifert; carcaca-5-estrelas; car; maternal; novilhas; peso; reprodutivo; semiextensivo,31.89,3.0,60.0,89.61,3.0,64.0,1.02,2.0,64.0,4.21,6.0,43.0,-0.16,1.0,46.0,47.1,48.0,53.0,-0.87,0.1,44.0,-1.43,0.5,59.0,-0.06,82.0,66.0,19.56,2.0,66.0,32.52,3.0,69.0,36.4,1.0,64.0,1.82,5.0,53.0,90.03,5.0,48.0,48.0,2.52,21.0,48.0,4.31,17.0,11.0,1.0,49.0,10.66,5.0,65.0,-0.24,22.0
8707.0,DIVISOR DA MATINHA,Nelore PO,RDMA1731,09/10/2018,24.8,po; carcaca-5-estrelas; car; novilhas; peso; reprodutivo; semiextensivo,24.64,10.0,57.0,93.84,0.5,59.0,0.76,4.0,61.0,5.13,3.0,42.0,-0.1,7.0,43.0,48.5,36.0,47.0,-0.13,13.0,40.0,-1.23,3.0,55.0,0.01,44.0,63.0,11.37,17.0,66.0,20.37,17.0,67.0,21.09,17.0,62.0,0.49,37.0,50.0,91.27,4.0,45.0,45.0,0.65,72.0,46.0,1.35,75.0,20.0,2.0,61.0,7.67,17.0,62.0,-0.33,18.0
8648.0,DODGE MAT,Nelore PO,RDMA1575,21/09/2018,31.2,po; carcaca-5-estrelas; rp-ancp; maternal; peso; semiintensivo,27.37,7.0,87.0,86.13,8.0,89.0,0.79,4.0,89.0,3.66,9.0,79.0,-0.03,48.0,79.0,42.28,82.0,89.0,-0.13,13.0,70.0,-1.15,5.0,88.0,0.05,24.0,92.0,15.51,7.0,94.0,32.3,3.0,96.0,27.45,8.0,89.0,0.61,32.0,82.0,82.03,13.0,69.0,69.0,4.27,6.0,69.0,6.14,6.0,1115.0,71.0,31.0,7.19,20.0,93.0,1.39,93.0
11914.0,7406 FIV DA JACAMIM,Nelore PO,MMVA7406,18/09/2023,31.2,po; carcaca-5-estrelas; maternal; peso; reprodutivo; semiintensivo,37.47,0.1,55.0,83.32,16.0,62.0,0.84,3.0,63.0,6.78,0.1,33.0,-0.01,62.0,41.0,42.49,81.0,53.0,0.211,94.0,35.0,-1.05,9.0,60.0,0.21,1.0,62.0,21.83,1.0,64.0,39.96,0.5,65.0,44.06,0.1,60.0,1.15,16.0,45.0,88.69,6.0,42.0,42.0,5.86,1.0,42.0,8.35,1.0,0.0,0.0,51.0,11.51,3.0,62.0,2.03,100.0
11001.0,EIKO DA BEABISA,Nelore PO,BRMG5004,18/09/2022,31.2,po; carcaca-5-estrelas; maternal; peso; reprodutivo; semiintensivo,33.21,2.0,51.0,86.12,8.0,61.0,0.48,9.0,61.0,4.15,6.0,39.0,-0.01,61.0,41.0,48.85,33.0,48.0,-0.04,26.0,37.0,-1.21,3.0,53.0,0.09,11.0,59.0,19.51,2.0,63.0,34.37,2.0,63.0,33.39,3.0,60.0,2.34,1.0,42.0,90.53,5.0,42.0,42.0,5.13,3.0,42.0,6.89,4.0,0.0,0.0,45.0,10.09,6.0,59.0,1.26,90.0
9371.0,I2230 DA MODELO,Nelore PO,MDLO2230,16/08/2021,45.4,po; ifert; carcaca-5-estrelas; car; rp-ancp; maternal; peso; reprodutivo; semiintensivo,34.55,1.0,75.0,85.67,9.0,62.0,0.11,33.0,63.0,6.93,0.1,42.0,-0.19,0.1,66.0,33.2,100.0,50.0,0.48,100.0,43.0,-1.27,2.0,58.0,0.05,24.0,71.0,22.72,0.5,73.0,46.46,0.1,69.0,37.99,1.0,64.0,1.61,7.0,68.0,83.85,10.0,46.0,46.0,4.27,6.0,44.0,6.4,5.0,192.0,15.0,47.0,9.61,8.0,70.0,2.46,100.0
9742.0,18643 DA AGUA FRIA,Nelore PO,JCGG18643,01/08/2021,31.2,po; carcaca-4-estrelas; rp-ancp; maternal; peso; reprodutivo; semiextensivo,27.19,7.0,59.0,84.87,11.0,63.0,0.68,5.0,64.0,3.35,11.0,37.0,0.08,100.0,51.0,50.23,23.0,51.0,-0.03,28.0,43.0,-1.06,8.0,54.0,0.01,44.0,68.0,12.62,13.0,66.0,27.42,7.0,67.0,24.73,11.0,61.0,1.09,17.0,54.0,89.02,6.0,47.0,47.0,5.07,3.0,46.0,6.53,5.0,100.0,4.0,30.0,11.21,4.0,78.0,0.76,70.0
9743.0,19113 DA AGUA FRIA,Nelore PO,JCGG19113,16/08/2021,31.2,po; carcaca-5-estrelas; maternal; novilhas; peso; reprodutivo; semiextensivo,28.71,5.0,57.0,83.4,16.0,62.0,0.17,24.0,63.0,3.87,7.0,42.0,-0.05,35.0,51.0,46.81,50.0,51.0,-0.28,5.0,43.0,-0.61,48.0,57.0,-0.05,76.0,67.0,20.76,1.0,69.0,32.18,3.0,68.0,35.47,2.0,64.0,1.4,11.0,50.0,85.59,8.0,46.0,46.0,1.84,34.0,47.0,4.22,18.0,77.0,2.0,49.0,9.32,9.0,67.0,0.53,57.0
9689.0,B6834  DA EAO,Nelore PO,EAOB6834,02/08/2021,34.9,po; ifert; carcaca-5-estrelas; car; peso; reprodutivo; semiextensivo,30.1,4.0,59.0,87.52,5.0,65.0,0.44,11.0,66.0,2.57,18.0,49.0,-0.08,16.0,44.0,41.15,86.0,56.0,-0.039,26.0,46.0,-1.12,6.0,63.0,0.09,11.0,66.0,20.87,1.0,71.0,39.7,0.5,69.0,36.41,1.0,67.0,2.85,0.1,50.0,86.24,8.0,49.0,49.0,2.81,17.0,49.0,4.65,14.0,0.0,0.0,54.0,12.21,2.0,65.0,1.35,92.0
8889.0,FANTON  DA CARPA,Nelore PO,EBOMA7517,30/09/2018,33.9,po; ifert; maternal; peso; semiextensivo,13.88,34.0,22.0,79.67,31.0,23.0,-0.19,95.0,24.0,0.95,45.0,12.0,-0.07,21.0,21.0,50.28,22.0,17.0,0.257,97.0,19.0,-0.95,15.0,23.0,-0.09,96.0,28.0,7.85,31.0,41.0,18.96,20.0,22.0,17.47,25.0,38.0,0.2,60.0,24.0,67.99,43.0,22.0,23.0,1.44,44.0,23.0,2.66,42.0,0.0,0.0,17.0,4.01,52.0,37.0,0.99,81.0
10835.0,B8015 FIV DA EAO,Nelore PO,EAOB8015,17/10/2021,60.0,po; carcaca-5-estrelas; car; maternal; peso; reprodutivo; semiextensivo,33.29,2.0,60.0,93.65,0.5,67.0,1.22,1.0,66.0,5.58,2.0,50.0,-0.21,0.1,46.0,46.86,50.0,54.0,-0.41,2.0,45.0,-1.28,2.0,61.0,-0.03,65.0,65.0,17.79,4.0,69.0,32.75,3.0,71.0,35.13,2.0,67.0,1.77,5.0,54.0,93.49,3.0,49.0,49.0,2.71,18.0,49.0,4.15,19.0,253.0,13.0,48.0,10.14,6.0,66.0,0.65,64.0
12275.0,C2013 DA EAO,Nelore PO,EAOC2013,11/08/2023,31.2,po; carcaca-4-estrelas; maternal; peso; reprodutivo; semiextensivo,28.52,5.0,54.0,85.34,10.0,61.0,0.95,2.0,61.0,4.29,5.0,43.0,-0.05,34.0,41.0,51.42,16.0,48.0,-0.218,7.0,39.0,-1.32,2.0,58.0,0.07,17.0,62.0,12.51,14.0,65.0,27.22,8.0,67.0,25.95,9.0,62.0,1.54,8.0,45.0,93.34,3.0,44.0,44.0,4.08,6.0,44.0,5.99,6.0,0.0,0.0,55.0,14.06,0.5,62.0,0.54,58.0
8473.0,GATILHO DA HORA,Nelore PO,HORA2926,01/08/2017,33.9,po; ifert; carcaca-4-estrelas; car; novilhas; peso; reprodutivo; semiintensivo,21.77,15.0,88.0,72.81,62.0,82.0,0.34,14.0,82.0,4.22,6.0,53.0,-0.11,5.0,78.0,41.23,85.0,62.0,0.235,96.0,60.0,-1.15,5.0,70.0,0.12,7.0,90.0,14.5,9.0,91.0,20.44,17.0,92.0,22.06,15.0,83.0,1.33,12.0,82.0,79.8,16.0,62.0,62.0,1.31,51.0,61.0,4.28,18.0,509.0,8.0,36.0,11.45,3.0,90.0,0.6,61.0
10915.0,C528 DA NANA PORA,Nelore PO,DINO528,05/10/2022,31.2,po; carcaca-5-estrelas; maternal; peso; reprodutivo; semiintensivo,35.52,0.5,52.0,91.89,1.0,60.0,0.88,3.0,60.0,3.69,9.0,39.0,0.07,100.0,41.0,47.71,42.0,50.0,-0.27,5.0,38.0,-1.21,3.0,56.0,0.16,3.0,61.0,16.38,5.0,64.0,34.19,2.0,65.0,37.52,1.0,59.0,2.06,3.0,45.0,99.15,0.1,44.0,44.0,6.57,0.5,42.0,9.3,0.5,0.0,0.0,44.0,13.74,0.5,61.0,0.08,36.0
9036.0,GOLIAS 7 ESTRELAS,Nelore PO,SETE3585,01/08/2018,29.5,po; ifert; carcaca-3-estrelas; car; peso; reprodutivo; semiintensivo,16.09,28.0,14.0,77.0,44.0,11.0,0.12,31.0,15.0,2.14,22.0,7.0,0.0,66.0,28.0,40.77,87.0,8.0,0.196,93.0,11.0,-0.5,63.0,10.0,-0.03,65.0,27.0,9.78,23.0,28.0,19.1,20.0,11.0,16.18,28.0,19.0,0.32,51.0,14.0,71.82,33.0,11.0,12.0,1.48,43.0,12.0,3.0,35.0,12.0,2.0,9.0,5.57,31.0,51.0,2.19,100.0
8936.0,HAVAIANO DA TRADIÇÃO,Nelore PO,UTIL1975,24/09/2018,28.3,po; car; novilhas; semiintensivo,16.13,28.0,14.0,87.56,5.0,21.0,0.03,55.0,23.0,0.59,56.0,8.0,-0.09,10.0,21.0,59.41,2.0,15.0,-0.095,17.0,13.0,-1.03,10.0,20.0,-0.09,96.0,41.0,6.7,36.0,54.0,13.56,32.0,6.0,14.39,33.0,39.0,1.2,15.0,14.0,74.21,28.0,6.0,13.0,2.4,23.0,14.0,3.56,26.0,16.0,3.0,8.0,6.93,22.0,34.0,-0.92,4.0
11104.0,C342,Nelore PO,NLCM342,26/08/2022,31.2,po; carcaca-5-estrelas; car; pnat; peso; semiintensivo,26.38,8.0,51.0,79.52,32.0,55.0,1.17,1.0,56.0,2.74,16.0,54.0,-0.06,27.0,39.0,42.38,81.0,44.0,-0.149,11.0,36.0,-0.53,58.0,49.0,0.08,14.0,58.0,15.95,6.0,59.0,29.28,5.0,61.0,32.22,3.0,57.0,1.99,3.0,43.0,77.39,21.0,41.0,41.0,3.15,13.0,42.0,6.38,5.0,0.0,0.0,43.0,7.15,20.0,59.0,1.55,96.0
12685.0,HUNO,Nelore PO,SRRN301,02/01/2024,31.2,po; carcaca-4-estrelas; maternal; novilhas; peso; reprodutivo; semiextensivo,22.0,15.0,38.0,86.3,8.0,37.0,0.27,17.0,45.0,1.96,24.0,40.0,-0.148,2.0,36.0,46.88,49.0,35.0,-0.07,20.0,44.0,-0.84,24.0,40.0,-0.05,76.0,30.0,9.02,26.0,43.0,21.53,15.0,33.0,22.23,15.0,45.0,1.45,10.0,41.0,86.35,8.0,30.0,44.0,3.1,14.0,34.0,3.76,23.0,0.0,0.0,37.0,9.44,9.0,45.0,0.68,66.0
10927.0,A3147 FIV GUADALUPE,Nelore PO,FGPA3147,20/05/2022,36.5,po; ifert; carcaca-3-estrelas; maternal; peso; reprodutivo; semiintensivo,31.98,3.0,58.0,79.71,31.0,64.0,1.0,2.0,65.0,4.25,5.0,45.0,-0.05,34.0,46.0,41.73,84.0,57.0,-0.23,7.0,43.0,-0.84,24.0,59.0,0.07,17.0,64.0,18.36,3.0,66.0,30.69,4.0,67.0,31.15,4.0,63.0,1.41,10.0,49.0,87.55,7.0,46.0,46.0,6.24,1.0,45.0,8.23,1.0,39.0,4.0,50.0,11.09,4.0,64.0,1.32,92.0
8848.0,ILHEUS  GC DA SL,Nelore Pintado,GSCA1047,07/11/2018,43.7,po; novilhas; semiextensivo,4.7,77.0,7.0,49.88,95.0,17.0,-0.06,76.0,20.0,-0.01,84.0,5.0,0.05,96.0,19.0,47.28,46.0,17.0,-0.023,31.0,12.0,0.08,100.0,20.0,0.07,17.0,43.0,3.14,60.0,70.0,8.46,54.0,19.0,6.05,68.0,51.0,0.41,43.0,10.0,65.94,49.0,7.0,7.0,0.25,82.0,8.0,0.97,82.0,67.0,7.0,9.0,3.96,53.0,10.0,0.66,65.0
9936.0,JHVM 22893 FIV CAMPARINO,Nelore PO,JHVM22893,20/09/2021,55.0,po; ifert; carcaca-4-estrelas; maternal; peso; semiintensivo,30.05,4.0,59.0,76.75,45.0,66.0,0.69,5.0,68.0,4.61,4.0,35.0,0.02,81.0,45.0,42.4,81.0,51.0,0.012,43.0,43.0,-0.86,22.0,61.0,-0.02,60.0,66.0,15.43,7.0,70.0,29.52,5.0,71.0,27.27,8.0,65.0,0.99,20.0,52.0,81.7,13.0,50.0,50.0,7.29,0.1,49.0,12.09,0.1,80.0,7.0,46.0,7.6,18.0,68.0,1.24,90.0
8979.0,ITUXI  DO GOLIAS,Nelore PO,FSAT4567,13/09/2019,38.9,po; carcaca-5-estrelas; novilhas; semiintensivo,17.37,25.0,21.0,83.2,17.0,31.0,0.5,9.0,32.0,3.34,11.0,23.0,-0.1,8.0,23.0,71.37,0.1,21.0,-0.002,38.0,23.0,-0.81,27.0,32.0,0.26,0.5,27.0,5.08,48.0,39.0,13.18,33.0,73.0,14.65,32.0,35.0,0.47,38.0,23.0,82.77,12.0,21.0,23.0,1.32,50.0,23.0,1.92,62.0,0.0,0.0,23.0,6.84,22.0,25.0,-1.17,2.0
9075.0,H1818 DA MDLO,Nelore PO,MDLO1818,30/09/2020,25.9,po; ifert; carcaca-4-estrelas; rp-ancp; maternal; peso; reprodutivo; semiintensivo,29.41,5.0,62.0,84.2,13.0,64.0,0.85,3.0,65.0,2.34,20.0,35.0,-0.09,10.0,65.0,44.25,71.0,46.0,-0.128,13.0,39.0,-1.62,0.1,55.0,0.03,33.0,65.0,21.38,1.0,71.0,35.54,2.0,72.0,35.45,2.0,70.0,2.19,2.0,51.0,81.61,14.0,42.0,42.0,2.94,15.0,42.0,4.56,15.0,32.0,2.0,51.0,11.72,3.0,64.0,1.27,90.0
9541.0,I2366 DA MODELO,Nelore PO,MDLO2366,22/09/2021,25.9,po; carcaca-4-estrelas; maternal; peso; reprodutivo; semiintensivo,35.57,0.5,59.0,91.39,2.0,63.0,1.17,1.0,62.0,7.57,0.1,44.0,-0.02,56.0,66.0,37.01,98.0,49.0,0.04,55.0,43.0,-1.19,4.0,56.0,-0.04,71.0,63.0,18.65,3.0,65.0,32.92,3.0,68.0,35.56,2.0,60.0,1.9,4.0,52.0,88.01,6.0,45.0,45.0,3.77,8.0,45.0,4.66,14.0,29.0,1.0,54.0,10.14,6.0,63.0,1.32,92.0
9799.0,9624 JR TAR,Nelore PO,JRBT B9624,07/09/2021,31.2,po; carcaca-5-estrelas; car; maternal; peso; reprodutivo; semiextensivo,33.11,2.0,54.0,82.17,20.0,59.0,0.08,38.0,61.0,5.5,2.0,38.0,-0.05,34.0,45.0,39.76,95.0,48.0,0.279,98.0,41.0,-0.97,13.0,53.0,0.12,7.0,65.0,20.45,2.0,66.0,35.91,1.0,71.0,40.02,0.5,64.0,1.29,13.0,50.0,89.29,5.0,46.0,46.0,4.33,5.0,46.0,7.39,3.0,8.0,1.0,49.0,12.39,2.0,67.0,1.47,95.0
8031.0,KOCHI KA,Nelore PO,KAPO330,20/10/2014,343.9,po; ceip; ifert; carcaca-5-estrelas; car; peso; reprodutivo; semiextensivo,22.31,14.0,87.0,81.92,21.0,87.0,0.04,51.0,89.0,5.66,2.0,46.0,-0.09,11.0,79.0,45.71,60.0,72.0,0.18,91.0,76.0,-1.03,10.0,76.0,0.09,11.0,95.0,14.68,8.0,96.0,24.54,11.0,94.0,25.9,9.0,93.0,2.14,2.0,83.0,87.06,7.0,79.0,79.0,-2.63,100.0,78.0,-3.9,100.0,1248.0,50.0,55.0,7.87,16.0,96.0,1.0,81.0
8945.0,MAAB VINDOURO,Nelore PO,MAB2580,09/11/2014,31.2,po; car; peso; semiintensivo,14.59,32.0,20.0,83.97,14.0,18.0,-0.29,99.0,21.0,0.98,43.0,15.0,-0.04,46.0,18.0,51.11,17.0,17.0,0.382,100.0,20.0,-1.34,2.0,18.0,-0.12,99.0,33.0,6.47,38.0,33.0,15.38,28.0,18.0,15.41,30.0,41.0,0.75,27.0,22.0,69.8,38.0,18.0,24.0,2.07,29.0,23.0,3.29,30.0,0.0,0.0,19.0,5.95,29.0,34.0,0.99,81.0
11913.0,MALBEC FC CACHOEIRÃO,Nelore PO,FCCH3216,10/07/2023,31.2,po; carcaca-4-estrelas; car; peso; reprodutivo; semiintensivo,38.74,0.1,55.0,92.56,1.0,61.0,0.54,8.0,61.0,5.74,1.0,40.0,-0.12,4.0,42.0,38.69,97.0,50.0,0.141,85.0,41.0,-1.1,7.0,57.0,0.01,44.0,64.0,26.74,0.1,64.0,43.78,0.1,65.0,42.31,0.1,62.0,2.25,2.0,48.0,99.13,1.0,44.0,44.0,2.81,17.0,44.0,3.79,23.0,0.0,0.0,42.0,10.43,5.0,64.0,2.3,100.0
11937.0,MAQUINA FIV FVC,Nelore PO,FVCP3119,01/07/2023,31.2,po; carcaca-5-estrelas; car; maternal; peso; reprodutivo; semiintensivo,34.13,2.0,58.0,81.19,24.0,64.0,0.65,6.0,65.0,5.58,2.0,40.0,-0.12,4.0,45.0,34.7,100.0,54.0,-0.22,7.0,40.0,-0.79,29.0,59.0,0.12,7.0,62.0,21.35,1.0,66.0,38.88,0.5,70.0,38.96,0.5,63.0,2.28,1.0,51.0,82.8,12.0,44.0,44.0,5.39,2.0,44.0,7.11,3.0,0.0,0.0,42.0,14.25,0.1,64.0,1.55,96.0
4936.0,MAREL DO IZ,Nelore PO,I3157,08/09/1992,31.2,po; novilhas; semiextensivo,12.26,39.0,88.0,81.76,22.0,74.0,0.42,11.0,78.0,0.34,68.0,32.0,0.03,84.0,79.0,46.47,53.0,54.0,-0.378,3.0,81.0,-0.57,53.0,58.0,0.08,14.0,94.0,4.56,51.0,97.0,8.12,56.0,96.0,11.65,41.0,90.0,0.09,70.0,94.0,78.84,18.0,74.0,84.0,0.19,84.0,83.0,-0.31,96.0,919.0,71.0,74.0,5.33,33.0,92.0,0.13,38.0
8471.0,MAROTO DA ELGE,Nelore PO,ELGE4789,09/12/2016,24.8,po; maternal; novilhas; semiextensivo,14.87,31.0,38.0,68.76,74.0,65.0,0.16,24.0,67.0,0.23,73.0,14.0,-0.07,22.0,40.0,54.3,6.0,25.0,-0.222,7.0,28.0,-0.32,82.0,67.0,0.06,20.0,56.0,4.61,51.0,73.0,12.38,36.0,15.0,11.93,40.0,64.0,0.88,23.0,13.0,76.83,22.0,13.0,22.0,4.86,3.0,24.0,6.5,5.0,79.0,5.0,8.0,8.41,13.0,64.0,-0.91,4.0
8318.0,MASTER DA GREN,Nelore PO,GRENA2618,25/08/2016,33.9,po; ifert; carcaca-4-estrelas; car; pnat; novilhas; semiextensivo,19.64,19.0,87.0,84.56,12.0,70.0,0.58,7.0,73.0,1.66,28.0,36.0,-0.15,1.0,82.0,48.03,40.0,65.0,-0.439,2.0,60.0,-1.15,5.0,56.0,0.17,3.0,87.0,8.07,30.0,89.0,14.05,31.0,91.0,16.97,26.0,85.0,0.56,34.0,84.0,88.22,6.0,63.0,63.0,2.21,26.0,63.0,4.37,17.0,497.0,9.0,45.0,11.24,4.0,89.0,-0.55,11.0
8249.0,MISTERIO  CASS,Nelore PO,CASS1957,17/06/2015,209.0,po; semiintensivo,10.71,44.0,38.0,86.35,8.0,46.0,-0.26,98.0,49.0,2.04,23.0,27.0,-0.08,15.0,39.0,39.19,96.0,18.0,0.279,98.0,35.0,-1.05,9.0,24.0,-0.15,100.0,55.0,12.1,15.0,75.0,17.58,23.0,45.0,16.81,26.0,65.0,-0.01,79.0,25.0,48.04,91.0,25.0,34.0,-2.16,100.0,39.0,-2.43,100.0,83.0,9.0,16.0,0.34,100.0,64.0,1.55,96.0
9074.0,H1666 DA MDLO,Nelore PO,MDLO1666,16/11/2020,25.9,po; ifert; carcaca-5-estrelas; maternal; peso; reprodutivo; semiintensivo,31.79,3.0,41.0,91.1,2.0,63.0,1.12,1.0,65.0,3.9,7.0,41.0,-0.08,15.0,65.0,52.14,12.0,50.0,-0.25,6.0,42.0,-1.75,0.1,57.0,0.07,17.0,66.0,19.32,2.0,70.0,33.9,2.0,70.0,33.08,3.0,63.0,1.56,8.0,31.0,94.58,3.0,31.0,46.0,2.94,15.0,45.0,3.61,25.0,14.0,2.0,55.0,12.35,2.0,65.0,1.04,83.0
9755.0,I2504 DA MODELO,Nelore PO,MDLO2504,21/09/2021,33.9,po; ifert; carcaca-4-estrelas; car; peso; reprodutivo; semiextensivo,33.46,2.0,60.0,96.61,0.1,64.0,1.03,2.0,66.0,4.09,6.0,42.0,-0.18,0.5,45.0,38.13,97.0,53.0,-0.43,2.0,44.0,-1.36,1.0,60.0,-0.08,92.0,63.0,19.37,2.0,69.0,32.42,3.0,68.0,36.02,2.0,66.0,2.27,1.0,51.0,93.83,3.0,48.0,48.0,2.43,22.0,47.0,4.1,19.0,0.0,0.0,48.0,10.58,5.0,64.0,1.02,82.0
9070.0,NIMBUS KA,Nelore PO,KAPO1987,09/11/2017,38.9,po; ifert; carcaca-4-estrelas; peso; reprodutivo; semiextensivo,26.34,8.0,86.0,84.94,11.0,84.0,0.2,21.0,86.0,4.27,5.0,34.0,-0.14,2.0,79.0,42.97,78.0,56.0,-0.19,9.0,60.0,-1.12,6.0,58.0,0.05,24.0,89.0,16.6,5.0,92.0,28.09,7.0,94.0,26.98,8.0,87.0,2.36,1.0,84.0,98.26,2.0,59.0,59.0,-0.69,96.0,57.0,0.96,82.0,590.0,16.0,62.0,10.19,6.0,91.0,1.31,91.0
9685.0,5244 KATISPERA,Nelore PO,KAT5244,01/10/2021,31.2,po; carcaca-5-estrelas; maternal; peso; reprodutivo; semiextensivo,28.25,6.0,62.0,85.47,10.0,65.0,0.71,5.0,66.0,3.62,9.0,46.0,-0.03,47.0,47.0,40.94,86.0,54.0,-0.121,14.0,45.0,-0.85,23.0,63.0,0.05,24.0,65.0,17.36,4.0,69.0,28.28,6.0,70.0,31.8,4.0,65.0,1.94,3.0,53.0,82.13,13.0,50.0,50.0,2.82,17.0,50.0,4.92,12.0,3.0,1.0,47.0,10.15,6.0,65.0,1.17,88.0
9058.0,NÓRDICO KA,Nelore PO,KAPM7918,29/11/2017,36.5,po; ifert; carcaca-3-estrelas; car; maternal; peso; reprodutivo; semiintensivo,29.24,5.0,73.0,80.7,27.0,74.0,0.05,48.0,75.0,5.65,2.0,41.0,-0.09,14.0,67.0,43.0,78.0,52.0,0.151,87.0,53.0,-0.9,19.0,58.0,0.08,14.0,79.0,14.66,8.0,82.0,33.71,2.0,82.0,33.88,2.0,76.0,0.99,20.0,67.0,77.09,21.0,54.0,54.0,5.84,1.0,53.0,8.04,2.0,200.0,9.0,34.0,12.91,1.0,83.0,1.08,85.0
8287.0,ORACULO DA DI GÊNIO,Nelore PO,JCDG9105,10/09/2016,25.9,po; peso; reprodutivo; semiintensivo,14.35,33.0,10.0,82.06,21.0,9.0,-0.14,89.0,10.0,1.55,29.0,18.0,-0.03,51.0,12.0,47.48,44.0,6.0,0.136,85.0,11.0,-0.71,37.0,7.0,-0.03,65.0,18.0,7.88,31.0,24.0,14.98,29.0,9.0,15.13,31.0,25.0,0.38,46.0,13.0,67.87,43.0,9.0,11.0,1.47,43.0,13.0,2.56,44.0,0.0,0.0,7.0,5.28,34.0,31.0,0.71,67.0
8873.0,OSMIO KA,Nelore PO,KAPM8386,06/09/2018,25.9,po; carcaca-3-estrelas; maternal; peso; reprodutivo; semiintensivo,20.74,17.0,84.0,86.28,8.0,79.0,0.05,48.0,81.0,2.98,14.0,39.0,0.04,90.0,79.0,40.59,87.0,48.0,0.012,43.0,52.0,-1.21,3.0,54.0,0.08,14.0,87.0,11.01,18.0,89.0,28.7,6.0,90.0,21.5,16.0,83.0,1.34,12.0,82.0,77.63,20.0,54.0,54.0,1.74,36.0,54.0,2.08,58.0,223.0,7.0,30.0,9.95,7.0,88.0,1.17,88.0
8817.0,PACTUAL KA,Nelore PO,KAPO3331,29/08/2019,21.9,po; carcaca-3-estrelas; maternal; peso; reprodutivo; semiintensivo,27.06,7.0,84.0,92.42,1.0,67.0,0.6,7.0,69.0,2.06,23.0,33.0,-0.02,53.0,77.0,43.41,76.0,44.0,-0.261,5.0,44.0,-1.31,2.0,50.0,-0.11,98.0,78.0,15.0,8.0,80.0,30.22,5.0,83.0,26.48,9.0,75.0,2.64,0.1,84.0,90.71,4.0,44.0,44.0,2.63,19.0,44.0,5.04,11.0,100.0,5.0,58.0,9.38,9.0,84.0,1.06,84.0
8118.0,PAGORAN IZ,Nelore PO,IZSNA4024,07/10/2015,38.9,po; carcaca-3-estrelas; car; maternal; novilhas; reprodutivo; semiintensivo,12.79,37.0,11.0,69.13,73.0,12.0,-0.09,82.0,10.0,1.26,34.0,11.0,-0.08,15.0,14.0,60.04,1.0,12.0,-0.117,14.0,11.0,-0.63,46.0,9.0,0.11,8.0,11.0,3.59,57.0,20.0,12.14,37.0,15.0,14.45,33.0,9.0,0.29,53.0,5.0,70.74,36.0,3.0,8.0,3.12,13.0,17.0,4.39,16.0,52.0,2.0,9.0,8.58,12.0,18.0,-0.83,5.0
8874.0,PHD KA,Nelore PO,KAPM10287,25/11/2019,38.9,po; ifert; carcaca-4-estrelas; maternal; peso; reprodutivo; semiintensivo,33.76,2.0,74.0,78.25,38.0,70.0,0.27,17.0,70.0,6.44,0.5,39.0,-0.01,62.0,67.0,35.01,100.0,50.0,0.276,98.0,48.0,-1.08,7.0,52.0,0.17,3.0,83.0,23.86,0.1,88.0,35.7,2.0,82.0,38.73,0.5,77.0,2.44,0.5,70.0,88.32,6.0,48.0,48.0,2.95,15.0,47.0,5.84,7.0,449.0,6.0,58.0,12.21,2.0,85.0,2.1,100.0
8978.0,PITBULL  DO GOLIAS,Nelore PO,FSAT4695,16/03/2020,24.8,po; carcaca-5-estrelas; novilhas; semiextensivo,13.7,34.0,20.0,77.26,43.0,34.0,0.64,6.0,35.0,3.32,11.0,23.0,0.0,69.0,23.0,69.5,0.1,23.0,-0.115,14.0,23.0,-0.62,47.0,35.0,0.35,0.1,23.0,4.8,50.0,40.0,9.45,50.0,74.0,9.1,55.0,25.0,0.55,35.0,24.0,75.39,25.0,20.0,23.0,0.17,84.0,23.0,0.16,93.0,0.0,0.0,23.0,4.1,50.0,25.0,-1.13,2.0
8243.0,QUANTICO IZ,Nelore PO,IZSNA4252,02/09/2016,25.9,po; carcaca-3-estrelas; maternal; novilhas; semiintensivo,11.47,42.0,86.0,66.82,78.0,46.0,-0.12,87.0,51.0,1.35,32.0,41.0,-0.06,29.0,74.0,62.49,1.0,31.0,-0.066,21.0,47.0,-0.22,90.0,40.0,-0.06,82.0,51.0,3.15,60.0,58.0,5.36,70.0,60.0,10.86,44.0,52.0,0.83,25.0,83.0,72.67,31.0,46.0,56.0,2.37,23.0,63.0,3.01,35.0,1.0,1.0,36.0,5.24,34.0,57.0,-0.95,3.0
10910.0,1350 FIV DO MORRO,Nelore PO,GFC1350,08/09/2022,31.2,po; carcaca-5-estrelas; car; maternal; novilhas; peso; reprodutivo; semiintensivo,32.98,2.0,50.0,89.47,3.0,60.0,1.5,0.1,60.0,5.53,2.0,38.0,0.01,71.0,39.0,55.85,4.0,52.0,-0.47,2.0,38.0,-1.28,2.0,58.0,0.19,2.0,60.0,14.82,8.0,62.0,30.68,4.0,64.0,32.45,3.0,62.0,2.03,3.0,42.0,94.45,3.0,42.0,46.0,4.04,7.0,45.0,5.66,8.0,4.0,1.0,45.0,14.07,0.5,59.0,-0.48,13.0
9064.0,QUEST KA,Nelore PO,KPAM38,21/07/2020,36.5,po; ifert; carcaca-5-estrelas; rp-ancp; novilhas; peso; reprodutivo; semiextensivo,22.85,13.0,71.0,79.23,34.0,66.0,0.08,38.0,66.0,3.62,9.0,33.0,-0.08,16.0,67.0,40.45,88.0,48.0,-0.009,35.0,41.0,-1.09,7.0,53.0,0.13,5.0,79.0,14.05,10.0,84.0,24.23,11.0,77.0,23.84,12.0,71.0,1.75,5.0,67.0,79.64,17.0,45.0,45.0,2.13,28.0,44.0,3.4,28.0,230.0,8.0,49.0,9.38,9.0,83.0,0.98,81.0
8652.0,QUICKMAN COL,Nelore PO,COL24926,23/11/2016,55.0,po; ifert; carcaca-4-estrelas; maternal; novilhas; peso; reprodutivo; semiintensivo,27.96,6.0,77.0,93.52,0.5,88.0,0.14,27.0,89.0,3.75,8.0,47.0,-0.14,2.0,68.0,45.65,60.0,81.0,-0.11,15.0,67.0,-1.25,3.0,72.0,-0.07,87.0,88.0,12.78,13.0,94.0,19.96,18.0,93.0,22.52,15.0,87.0,1.49,9.0,71.0,97.97,2.0,68.0,68.0,3.65,9.0,68.0,4.71,14.0,792.0,43.0,35.0,12.44,2.0,91.0,0.53,57.0
8477.0,RAGHAN DO IZ,Nelore PO,IZSNA4778,20/10/2017,33.9,po; carcaca-3-estrelas; peso; semiextensivo,18.25,22.0,8.0,82.82,18.0,8.0,0.22,20.0,11.0,1.81,26.0,15.0,-0.062,28.0,28.0,46.43,53.0,5.0,-0.007,36.0,8.0,-0.75,32.0,15.0,-0.03,65.0,44.0,9.5,24.0,64.0,19.45,19.0,20.0,27.23,8.0,37.0,1.23,14.0,9.0,73.95,28.0,5.0,5.0,0.38,79.0,6.0,0.22,92.0,49.0,4.0,9.0,9.12,10.0,41.0,0.92,78.0
8456.0,RAGHU COL,Nelore PO,COL25662,04/12/2017,45.4,po; ifert; carcaca-3-estrelas; car; maternal; novilhas; extensivo,18.73,21.0,86.0,79.21,34.0,70.0,0.75,4.0,72.0,1.69,27.0,47.0,-0.054,33.0,78.0,67.51,0.1,46.0,-0.62,0.5,41.0,-0.71,37.0,54.0,0.08,14.0,74.0,6.12,39.0,82.0,10.08,47.0,83.0,15.0,31.0,79.0,1.0,20.0,82.0,85.76,8.0,46.0,46.0,3.01,15.0,44.0,4.22,18.0,160.0,15.0,58.0,7.37,19.0,84.0,-1.18,2.0
7802.0,RAI DA MN,Nelore PO,LBMND8484,13/08/2013,45.4,po; ifert; carcaca-5-estrelas; car; maternal; novilhas; semiextensivo,20.09,18.0,87.0,86.92,7.0,85.0,0.25,18.0,86.0,1.58,29.0,40.0,-0.13,3.0,79.0,68.51,0.1,67.0,-0.19,9.0,70.0,-0.65,43.0,80.0,0.13,5.0,89.0,4.34,52.0,93.0,9.38,50.0,94.0,11.56,42.0,88.0,0.06,73.0,85.0,85.25,9.0,73.0,73.0,6.2,1.0,72.0,7.51,2.0,773.0,61.0,51.0,8.52,13.0,93.0,-1.63,0.1
9189.0,4436  DA TERRA BRAVA,Nelore PO,EPCF4436,06/09/2020,31.2,po; carcaca-5-estrelas; car; peso; reprodutivo; semiextensivo,28.26,6.0,73.0,88.76,4.0,67.0,0.8,4.0,68.0,3.49,10.0,33.0,-0.15,2.0,67.0,41.07,86.0,59.0,-0.436,2.0,40.0,-0.97,13.0,65.0,0.16,3.0,66.0,18.9,3.0,74.0,24.58,11.0,71.0,26.61,9.0,64.0,1.11,17.0,68.0,92.14,4.0,45.0,45.0,2.04,30.0,45.0,3.17,32.0,59.0,6.0,43.0,9.62,8.0,72.0,1.02,82.0
9877.0,KPAO1180 KA,Nelore PO,KPAO1180,18/09/2021,31.2,po; carcaca-5-estrelas; car; maternal; peso; reprodutivo; semiintensivo,30.59,4.0,74.0,79.79,31.0,59.0,0.5,9.0,61.0,6.03,1.0,58.0,-0.09,13.0,64.0,39.67,95.0,40.0,0.533,100.0,37.0,-0.73,35.0,46.0,0.31,0.1,68.0,18.93,3.0,67.0,31.27,4.0,67.0,31.68,4.0,61.0,1.2,15.0,67.0,86.57,8.0,43.0,43.0,3.81,8.0,42.0,4.43,16.0,177.0,5.0,44.0,11.62,3.0,71.0,1.79,98.0
8254.0,REM FOX,Nelore PO,REMA1117,09/10/2016,18.7,po; carcaca-4-estrelas; maternal; peso; reprodutivo; semiintensivo,26.86,7.0,40.0,72.43,63.0,65.0,0.35,14.0,66.0,4.39,5.0,41.0,0.055,98.0,65.0,42.84,79.0,49.0,0.277,98.0,40.0,-0.85,23.0,62.0,0.15,4.0,66.0,15.62,7.0,69.0,25.09,10.0,69.0,33.32,3.0,66.0,1.25,14.0,33.0,90.27,5.0,33.0,46.0,2.56,20.0,45.0,3.49,27.0,24.0,4.0,49.0,10.72,5.0,69.0,1.01,82.0
8253.0,REM FUZIL,Nelore PO,REMA798,11/08/2016,18.7,po; carcaca-4-estrelas; peso; semiextensivo,16.32,27.0,85.0,77.48,42.0,74.0,0.3,16.0,74.0,2.45,19.0,51.0,0.04,92.0,80.0,46.32,54.0,60.0,-0.066,21.0,47.0,-0.79,29.0,70.0,0.12,7.0,76.0,10.35,21.0,78.0,23.23,13.0,81.0,26.41,9.0,76.0,1.62,7.0,81.0,75.64,24.0,52.0,52.0,-2.54,100.0,51.0,-3.31,100.0,55.0,6.0,31.0,5.3,34.0,80.0,0.61,62.0
8526.0,REM GERENTE GENETICA ADITIVA,Nelore PO,REMA1577,24/08/2017,33.9,po; ifert; carcaca-5-estrelas; peso; semiextensivo,29.51,4.0,51.0,87.17,6.0,58.0,0.31,15.0,60.0,7.65,0.1,41.0,0.044,94.0,40.0,53.22,9.0,46.0,0.125,82.0,37.0,-1.03,10.0,52.0,0.13,5.0,60.0,16.25,6.0,63.0,29.43,5.0,64.0,29.25,6.0,62.0,0.69,29.0,47.0,84.6,10.0,43.0,43.0,2.51,21.0,43.0,3.65,25.0,0.0,0.0,50.0,9.02,10.0,62.0,0.72,68.0
8899.0,REM HADOQUE GENETICA ADITIVA,Nelore PO,REMCA2215,01/10/2018,33.9,po; ifert; carcaca-3-estrelas; peso; reprodutivo; semiintensivo,24.01,11.0,55.0,81.28,24.0,59.0,0.69,5.0,62.0,1.15,36.0,38.0,0.039,91.0,41.0,39.56,95.0,49.0,-0.436,2.0,39.0,-1.16,5.0,54.0,-0.12,99.0,62.0,17.99,3.0,63.0,28.16,7.0,67.0,26.96,8.0,63.0,1.89,4.0,49.0,80.34,16.0,45.0,45.0,2.08,29.0,45.0,3.3,30.0,14.0,1.0,46.0,10.63,5.0,63.0,1.93,99.0
8700.0,REM HAVARD GENETICA ADITIVA,Nelore PO,REM10436,21/11/2018,33.9,po; carcaca-5-estrelas; maternal; peso; reprodutivo; semiextensivo,27.33,7.0,83.0,84.04,14.0,70.0,0.57,7.0,72.0,4.88,3.0,48.0,-0.053,34.0,79.0,41.27,85.0,58.0,0.029,50.0,49.0,-1.1,7.0,66.0,0.15,4.0,71.0,12.23,15.0,75.0,26.78,8.0,76.0,25.26,10.0,71.0,1.5,9.0,83.0,84.57,10.0,51.0,51.0,4.71,4.0,52.0,6.68,4.0,24.0,2.0,32.0,9.9,7.0,77.0,0.91,78.0
10897.0,REM2101M FIV GENETICA ADITIVA,Nelore PO,REMP2101,26/11/2022,31.2,po; carcaca-5-estrelas; car; maternal; peso; reprodutivo; semiextensivo,39.9,0.1,54.0,90.22,2.0,63.0,0.75,4.0,63.0,7.76,0.1,43.0,-0.104,6.0,41.0,38.72,97.0,53.0,0.064,63.0,41.0,-1.21,3.0,60.0,0.16,3.0,62.0,23.21,0.5,66.0,35.12,2.0,67.0,37.61,1.0,62.0,1.89,4.0,48.0,99.15,0.1,45.0,45.0,5.28,2.0,46.0,8.17,2.0,40.0,2.0,54.0,12.3,2.0,63.0,1.8,99.0
8905.0,RENOMADO  COL,Nelore PO,COL25846,11/01/2018,31.2,po; ifert; carcaca-3-estrelas; car; maternal; reprodutivo; semiintensivo,25.24,9.0,61.0,83.77,15.0,64.0,0.06,44.0,65.0,4.55,4.0,40.0,-0.072,22.0,48.0,47.02,48.0,53.0,0.283,98.0,46.0,-0.98,13.0,58.0,0.06,20.0,66.0,12.4,14.0,67.0,18.4,21.0,71.0,20.72,18.0,67.0,1.33,12.0,55.0,84.17,10.0,50.0,50.0,4.1,6.0,51.0,5.21,10.0,0.0,0.0,32.0,8.14,15.0,65.0,0.91,78.0
9443.0,2163 FIV PHOC,Nelore PO,PHOC2163,21/09/2021,33.9,po; ifert; carcaca-5-estrelas; car; maternal; peso; semiextensivo,30.84,3.0,37.0,85.15,11.0,65.0,0.81,3.0,65.0,4.44,5.0,41.0,-0.06,29.0,66.0,39.24,96.0,53.0,0.09,71.0,46.0,-0.9,19.0,61.0,0.17,3.0,65.0,16.01,6.0,67.0,24.88,11.0,71.0,29.95,5.0,65.0,1.76,5.0,31.0,98.04,2.0,31.0,50.0,3.59,10.0,50.0,5.63,8.0,9.0,3.0,30.0,8.63,12.0,67.0,1.55,96.0
10992.0,C2837 DA S. NICE,Nelore PO,GRIC2837,07/10/2021,31.2,po; carcaca-5-estrelas; maternal; peso; reprodutivo; semiintensivo,29.6,4.0,52.0,79.19,34.0,60.0,1.21,1.0,60.0,4.54,4.0,30.0,-0.09,12.0,39.0,38.75,97.0,43.0,-0.064,21.0,40.0,-0.81,27.0,58.0,0.15,4.0,62.0,13.02,12.0,66.0,31.79,3.0,66.0,28.3,7.0,61.0,1.14,16.0,46.0,80.81,15.0,43.0,43.0,7.12,0.1,44.0,10.24,0.1,5.0,2.0,54.0,12.46,2.0,62.0,1.05,83.0
8868.0,ROCHEDO DA ELGE,Nelore PO,ELGE5508,15/10/2018,33.9,po; ifert; carcaca-4-estrelas; car; atj-plus; maternal; novilhas; peso; semiextensivo,16.72,26.0,15.0,72.07,64.0,43.0,0.77,4.0,45.0,0.84,47.0,10.0,-0.06,29.0,15.0,49.63,27.0,14.0,-0.534,1.0,14.0,-0.56,55.0,46.0,0.15,4.0,21.0,10.21,21.0,22.0,16.51,25.0,20.0,15.74,29.0,48.0,0.49,37.0,16.0,76.74,22.0,14.0,14.0,2.38,23.0,15.0,3.63,25.0,0.0,0.0,6.0,6.35,26.0,23.0,0.09,37.0
9880.0,KPAM1484 KA,Nelore PO,KPAM1484,06/08/2021,33.9,po; ifert; carcaca-5-estrelas; car; maternal; novilhas; peso; reprodutivo; semiintensivo,24.25,11.0,73.0,79.72,31.0,56.0,0.2,21.0,57.0,3.09,13.0,48.0,-0.13,2.0,65.0,51.92,13.0,38.0,0.205,94.0,35.0,-1.35,1.0,48.0,0.09,11.0,69.0,15.13,8.0,69.0,32.07,3.0,66.0,21.42,16.0,58.0,1.31,12.0,68.0,79.66,17.0,38.0,38.0,4.28,5.0,37.0,5.93,7.0,136.0,4.0,41.0,10.99,4.0,75.0,0.75,70.0
9878.0,KPAM1356 KA,Nelore PO,KPAM1356,02/08/2021,24.8,po; carcaca-3-estrelas; car; maternal; peso; reprodutivo; semiintensivo,29.21,5.0,72.0,82.94,17.0,55.0,0.25,18.0,56.0,4.21,6.0,56.0,-0.12,4.0,64.0,37.58,98.0,38.0,0.169,90.0,35.0,-1.04,9.0,42.0,-0.08,92.0,61.0,20.12,2.0,62.0,34.85,2.0,65.0,31.26,4.0,54.0,1.41,10.0,68.0,85.92,8.0,39.0,39.0,3.13,13.0,39.0,3.97,21.0,84.0,4.0,53.0,9.54,8.0,64.0,2.05,100.0
8651.0,SCOTT COL,Nelore PO,COL26329,04/12/2018,18.7,po; carcaca-3-estrelas; car; maternal; peso; reprodutivo; semiintensivo,20.73,17.0,52.0,89.62,3.0,60.0,0.24,19.0,61.0,1.8,26.0,53.0,-0.164,1.0,41.0,43.56,75.0,45.0,-0.2,8.0,37.0,-1.15,5.0,48.0,-0.01,54.0,57.0,7.74,32.0,60.0,12.41,36.0,63.0,13.87,34.0,59.0,1.29,13.0,49.0,90.9,4.0,44.0,44.0,3.03,14.0,44.0,4.35,17.0,0.0,0.0,45.0,8.79,11.0,60.0,1.01,82.0
10935.0,KPAO1792 KA,Nelore PO,KPAO1792,30/07/2022,31.2,po; carcaca-4-estrelas; maternal; peso; reprodutivo; semiextensivo,29.57,4.0,50.0,83.12,17.0,58.0,1.21,1.0,57.0,3.3,11.0,37.0,0.04,92.0,39.0,46.42,53.0,46.0,-0.557,1.0,41.0,-1.02,10.0,52.0,0.05,24.0,61.0,19.99,2.0,63.0,39.72,0.5,66.0,38.94,0.5,58.0,2.39,1.0,42.0,75.33,25.0,42.0,44.0,2.68,19.0,43.0,4.04,20.0,33.0,3.0,45.0,9.52,8.0,61.0,1.15,87.0
8721.0,SERTÃO DO IZ,Nelore PO,IZSNA4977,26/09/2018,31.2,po; ifert; peso; reprodutivo; semiextensivo,12.41,38.0,84.0,83.96,14.0,56.0,0.44,11.0,61.0,0.15,77.0,31.0,-0.023,53.0,78.0,62.94,0.5,46.0,-0.314,4.0,33.0,-1.04,9.0,48.0,-0.03,65.0,62.0,7.87,31.0,67.0,13.51,32.0,67.0,15.4,30.0,55.0,0.56,34.0,83.0,63.35,56.0,50.0,57.0,0.02,87.0,53.0,0.02,94.0,95.0,5.0,31.0,6.96,22.0,71.0,-1.7,0.1
10937.0,KPAM3028 KA,Nelore PO,KPAM3028,28/07/2022,31.2,po; carcaca-5-estrelas; maternal; peso; reprodutivo; semiintensivo,29.73,4.0,51.0,90.17,2.0,60.0,0.81,3.0,60.0,2.79,16.0,34.0,-0.05,39.0,38.0,42.27,82.0,48.0,-0.317,4.0,40.0,-1.5,0.5,43.0,0.01,44.0,61.0,16.33,5.0,62.0,27.43,7.0,66.0,23.55,13.0,59.0,1.7,6.0,43.0,91.93,4.0,43.0,45.0,5.25,2.0,43.0,7.58,2.0,61.0,3.0,52.0,14.53,0.1,63.0,1.52,96.0
9176.0,SONITO G.SALES,Nelore PO,MFBN7479,11/10/2020,21.9,po; carcaca-4-estrelas; car; maternal; peso; semiextensivo,21.71,15.0,46.0,85.44,10.0,54.0,0.23,19.0,59.0,1.83,26.0,61.0,-0.053,34.0,31.0,44.1,72.0,45.0,-0.004,37.0,32.0,-1.14,5.0,46.0,0.13,5.0,56.0,15.44,7.0,61.0,22.57,14.0,64.0,21.28,17.0,60.0,0.13,66.0,36.0,79.98,16.0,35.0,35.0,2.53,21.0,35.0,4.24,18.0,0.0,0.0,39.0,11.57,3.0,60.0,1.45,94.0
8638.0,STAFF DA BELA,Nelore PO,AZAP2625,20/09/2018,28.3,po; carcaca-3-estrelas; maternal; peso; semiextensivo,21.32,16.0,85.0,71.0,68.0,74.0,0.46,10.0,76.0,3.21,12.0,54.0,0.026,83.0,78.0,38.98,96.0,38.0,-0.065,21.0,41.0,-0.71,37.0,65.0,-0.08,92.0,76.0,13.01,12.0,79.0,27.68,7.0,82.0,27.92,7.0,80.0,0.61,32.0,82.0,74.57,27.0,44.0,44.0,2.67,19.0,44.0,3.4,28.0,142.0,7.0,49.0,9.39,9.0,82.0,0.95,79.0
10931.0,KPAM3325 KA,Nelore PO,KPAM3325,06/09/2022,31.2,po; carcaca-4-estrelas; maternal; peso; reprodutivo; semiextensivo,30.06,4.0,49.0,85.17,10.0,58.0,0.54,8.0,59.0,3.22,12.0,39.0,0.02,82.0,39.0,47.39,45.0,47.0,-0.109,15.0,40.0,-1.0,11.0,51.0,-0.04,71.0,61.0,17.64,4.0,64.0,31.37,4.0,64.0,28.14,7.0,61.0,2.9,0.1,41.0,78.01,20.0,41.0,44.0,6.61,0.5,45.0,9.22,0.5,147.0,3.0,47.0,10.45,5.0,62.0,0.15,39.0
10934.0,KPAM3634 KA,Nelore PO,KPAM3634,06/10/2022,31.2,po; carcaca-5-estrelas; maternal; peso; reprodutivo; semiintensivo,27.95,6.0,47.0,81.1,25.0,55.0,0.28,17.0,56.0,3.74,8.0,55.0,0.0,67.0,34.0,33.38,100.0,41.0,0.224,95.0,35.0,-0.88,20.0,47.0,0.13,5.0,58.0,20.87,1.0,60.0,33.25,3.0,61.0,27.03,8.0,58.0,1.76,5.0,39.0,89.02,6.0,39.0,39.0,2.36,24.0,38.0,3.38,29.0,23.0,3.0,49.0,11.92,2.0,60.0,1.7,98.0
8951.0,TAITI  COL,Nelore PO,COL27123,10/12/2019,24.8,po; carcaca-4-estrelas; car; peso; reprodutivo; semiintensivo,21.91,15.0,38.0,82.65,19.0,60.0,-0.02,68.0,61.0,2.85,15.0,32.0,-0.089,12.0,32.0,42.09,82.0,44.0,0.079,67.0,38.0,-1.23,3.0,49.0,-0.06,82.0,60.0,17.06,4.0,64.0,27.15,8.0,65.0,23.73,13.0,60.0,0.86,24.0,32.0,74.75,26.0,32.0,41.0,1.5,42.0,42.0,3.9,22.0,2.0,2.0,55.0,7.61,18.0,63.0,1.39,93.0
8999.0,TAJASWI COL,Nelore PO,COL27267,17/01/2020,33.9,po; ifert; carcaca-3-estrelas; maternal; peso; reprodutivo; semiintensivo,27.51,6.0,71.0,81.16,25.0,74.0,0.23,19.0,76.0,5.56,2.0,51.0,-0.018,56.0,66.0,48.13,39.0,63.0,0.03,51.0,36.0,-1.23,3.0,56.0,-0.04,71.0,79.0,17.94,3.0,84.0,27.94,7.0,82.0,20.36,18.0,76.0,1.63,7.0,70.0,78.15,19.0,38.0,38.0,4.53,4.0,38.0,6.55,5.0,289.0,9.0,51.0,14.84,0.1,81.0,1.35,92.0
9002.0,TAKASHI COL,Nelore PO,COLM6002,20/01/2020,36.5,po; ifert; maternal; novilhas; peso; reprodutivo; semiintensivo,26.15,8.0,86.0,92.13,1.0,77.0,0.2,21.0,78.0,2.89,15.0,35.0,-0.071,23.0,79.0,44.44,69.0,66.0,-0.409,2.0,40.0,-1.45,0.5,72.0,-0.16,100.0,81.0,14.35,9.0,82.0,18.78,20.0,82.0,18.84,22.0,79.0,1.9,4.0,81.0,85.85,8.0,42.0,42.0,4.29,5.0,41.0,6.42,5.0,345.0,39.0,48.0,13.52,0.5,85.0,0.48,54.0
9761.0,TEIXOR G.SALES,Nelore PO,MFBN9170,11/11/2021,36.5,po; ifert; carcaca-4-estrelas; car; atj-plus; maternal; novilhas; semiextensivo,23.76,12.0,35.0,78.21,39.0,51.0,0.76,4.0,52.0,2.86,15.0,49.0,-0.1,8.0,48.0,59.02,2.0,41.0,-0.484,1.0,32.0,-0.95,15.0,46.0,0.07,17.0,64.0,13.17,12.0,72.0,21.18,16.0,62.0,21.65,16.0,55.0,0.39,45.0,46.0,81.27,14.0,35.0,35.0,4.07,7.0,35.0,5.62,8.0,133.0,7.0,49.0,9.29,9.0,61.0,-0.94,4.0
8793.0,TEMPO COL,Nelore PO,COL26971,29/10/2019,36.5,po; carcaca-3-estrelas; car; maternal; reprodutivo; semiextensivo,23.83,12.0,86.0,88.2,4.0,73.0,0.29,16.0,74.0,2.96,14.0,32.0,-0.125,4.0,79.0,47.47,44.0,68.0,-0.163,10.0,43.0,-1.41,1.0,64.0,-0.08,92.0,82.0,11.07,18.0,82.0,17.31,23.0,84.0,17.08,26.0,80.0,1.17,16.0,81.0,92.59,3.0,45.0,45.0,3.25,12.0,46.0,6.01,6.0,228.0,25.0,48.0,12.17,2.0,85.0,0.72,68.0
10142.0,C3747 DA S. NICE,Nelore PO,GRIC3747,05/02/2022,33.9,po; ifert; carcaca-5-estrelas; car; maternal; novilhas; peso; reprodutivo; semiextensivo,29.2,5.0,64.0,89.18,3.0,68.0,0.72,5.0,69.0,3.21,12.0,42.0,-0.1,8.0,47.0,56.31,3.0,55.0,-0.429,2.0,48.0,-1.11,6.0,63.0,0.15,4.0,67.0,12.01,15.0,72.0,27.82,7.0,74.0,22.12,15.0,66.0,1.37,11.0,57.0,89.23,5.0,53.0,53.0,7.43,0.1,52.0,12.19,0.1,70.0,3.0,32.0,11.05,4.0,69.0,-0.48,13.0
8885.0,TRAJANO DA MN,Nelore PO,LBMNE3913,08/08/2019,24.8,po; carcaca-3-estrelas; novilhas; semiextensivo,15.76,29.0,32.0,74.55,55.0,45.0,0.45,10.0,46.0,1.58,29.0,55.0,0.03,83.0,31.0,51.12,17.0,55.0,0.054,60.0,57.0,-0.49,64.0,35.0,0.02,38.0,47.0,6.06,40.0,51.0,14.71,29.0,51.0,14.04,34.0,43.0,0.64,31.0,63.0,89.9,5.0,32.0,62.0,0.38,79.0,59.0,1.56,71.0,0.0,0.0,48.0,6.34,26.0,53.0,-0.68,7.0
8806.0,TRIBUTO  DA S.NICE,Nelore PO,GRIC434,13/12/2019,31.2,po; carcaca-4-estrelas; maternal; peso; reprodutivo; semiextensivo,21.37,16.0,85.0,87.48,6.0,66.0,0.64,6.0,69.0,3.39,11.0,39.0,-0.12,4.0,78.0,47.88,41.0,53.0,-0.519,1.0,46.0,-1.31,2.0,63.0,0.08,14.0,70.0,10.27,21.0,72.0,17.63,23.0,72.0,21.23,17.0,66.0,1.81,5.0,82.0,80.41,15.0,48.0,48.0,1.1,58.0,48.0,1.18,78.0,21.0,2.0,31.0,6.69,23.0,74.0,0.68,66.0
10832.0,TROIS FIV G.SALES,Nelore PO,MFBN9973,28/12/2021,31.2,po; carcaca-5-estrelas; car; maternal; novilhas; peso; reprodutivo; semiextensivo,30.97,3.0,56.0,79.26,33.0,60.0,0.66,5.0,61.0,3.12,13.0,36.0,-0.065,26.0,44.0,57.55,2.0,51.0,-0.375,3.0,39.0,-0.85,23.0,52.0,0.15,4.0,59.0,16.74,5.0,64.0,32.5,3.0,64.0,37.1,1.0,61.0,1.33,12.0,48.0,88.23,6.0,44.0,44.0,5.81,1.0,43.0,7.58,2.0,39.0,1.0,55.0,11.27,4.0,60.0,-0.9,4.0
8997.0,TRONO COL,Nelore PO,COL27137,11/12/2019,33.9,po; carcaca-3-estrelas; maternal; peso; semiintensivo,27.29,7.0,73.0,78.37,38.0,63.0,0.06,44.0,64.0,3.92,7.0,34.0,-0.089,12.0,65.0,40.91,86.0,54.0,0.42,100.0,41.0,-0.82,26.0,54.0,0.13,5.0,68.0,13.33,12.0,69.0,24.24,11.0,71.0,26.39,9.0,64.0,0.93,22.0,68.0,93.38,3.0,43.0,43.0,5.08,3.0,43.0,6.64,4.0,117.0,7.0,52.0,11.83,3.0,72.0,1.44,94.0
8952.0,TUCURUI  COL,Nelore PO,COL26876,11/09/2019,24.8,po; carcaca-3-estrelas; maternal; peso; reprodutivo; semiextensivo,28.2,6.0,86.0,96.29,0.1,75.0,0.26,18.0,75.0,2.94,14.0,36.0,0.014,76.0,79.0,43.44,76.0,70.0,0.021,47.0,46.0,-0.92,17.0,58.0,-0.19,100.0,73.0,15.27,7.0,79.0,28.1,7.0,79.0,26.31,9.0,74.0,1.53,8.0,83.0,95.08,2.0,46.0,46.0,3.01,15.0,47.0,4.81,13.0,50.0,5.0,57.0,7.85,16.0,80.0,1.0,81.0
8883.0,UIRAPURU DA MN,Nelore PO,LBMNE3714,19/11/2018,33.9,po; ifert; carcaca-4-estrelas; car; semiextensivo,15.27,30.0,6.0,74.07,57.0,14.0,0.21,21.0,18.0,1.43,31.0,12.0,-0.07,22.0,30.0,51.8,14.0,10.0,-0.227,7.0,10.0,-0.78,30.0,5.0,-0.06,82.0,35.0,7.12,34.0,54.0,9.16,51.0,20.0,14.99,31.0,47.0,0.38,46.0,12.0,79.94,16.0,6.0,10.0,1.45,44.0,11.0,3.49,27.0,23.0,5.0,7.0,8.34,14.0,53.0,-0.19,24.0
9000.0,UTIL  COL,Nelore PO,COL27561,23/09/2020,18.7,po; carcaca-3-estrelas; peso; semiintensivo,22.41,14.0,54.0,73.05,61.0,60.0,-0.11,85.0,62.0,3.24,12.0,37.0,0.044,94.0,42.0,37.8,98.0,52.0,0.39,100.0,40.0,-0.79,29.0,53.0,-0.05,76.0,62.0,15.33,7.0,64.0,27.75,7.0,68.0,30.1,5.0,64.0,0.85,24.0,48.0,78.44,19.0,48.0,48.0,1.81,35.0,48.0,3.25,31.0,0.0,0.0,52.0,7.51,18.0,61.0,1.66,97.0
9765.0,VASUVED,Nelore PO,TABE0615,10/08/2021,33.9,po; ifert; carcaca-5-estrelas; maternal; novilhas; peso; reprodutivo; semiintensivo,24.57,10.0,52.0,71.06,67.0,59.0,0.18,23.0,58.0,3.45,10.0,35.0,-0.047,38.0,41.0,53.67,7.0,48.0,-0.237,6.0,40.0,-0.6,49.0,52.0,0.15,4.0,61.0,10.34,21.0,61.0,20.91,17.0,65.0,20.78,18.0,59.0,1.95,3.0,44.0,82.82,12.0,44.0,44.0,6.52,0.5,44.0,8.84,1.0,0.0,0.0,55.0,14.16,0.5,59.0,-0.26,21.0
9870.0,VESTÍGIO COL,Nelore PO,COL28419,30/11/2021,33.9,po; carcaca-3-estrelas; car; maternal; peso; reprodutivo; semiintensivo,37.21,0.1,75.0,84.87,11.0,59.0,0.39,12.0,61.0,3.69,9.0,33.0,-0.131,3.0,65.0,35.45,99.0,51.0,0.29,98.0,36.0,-1.02,10.0,51.0,-0.14,100.0,62.0,25.55,0.1,63.0,40.28,0.5,64.0,45.31,0.1,61.0,1.31,12.0,68.0,89.43,5.0,42.0,42.0,6.5,0.5,42.0,8.57,1.0,68.0,5.0,46.0,11.21,4.0,66.0,1.97,99.0
9871.0,VIRENTE COL,Nelore PO,COL28605,21/12/2021,31.2,po; carcaca-4-estrelas; car; peso; reprodutivo; semiintensivo,29.39,5.0,46.0,93.71,0.5,54.0,-0.3,99.0,57.0,4.48,5.0,51.0,-0.133,2.0,33.0,39.71,95.0,46.0,0.275,98.0,31.0,-1.65,0.1,44.0,-0.2,100.0,55.0,12.57,14.0,60.0,26.32,9.0,62.0,33.32,3.0,58.0,1.36,11.0,39.0,98.9,1.0,35.0,35.0,3.05,14.0,35.0,5.12,11.0,5.0,2.0,38.0,10.1,6.0,59.0,1.68,98.0
8375.0,VITORIOSO SL NOVO,Nelore Pintado,NOV2088,02/10/2016,346.5,po; ifert; novilhas; semiextensivo,9.15,51.0,72.0,77.14,44.0,49.0,-0.12,87.0,51.0,-0.83,100.0,43.0,-0.04,42.0,64.0,56.33,3.0,36.0,-0.502,1.0,48.0,-0.52,60.0,40.0,0.09,11.0,50.0,1.93,69.0,58.0,2.4,83.0,60.0,6.6,66.0,53.0,1.29,13.0,70.0,68.12,43.0,49.0,58.0,2.15,27.0,53.0,2.89,37.0,21.0,5.0,44.0,2.5,79.0,45.0,-0.72,7.0
9896.0,VOX  COL,Nelore PO,COL28175,14/09/2021,33.9,po; ifert; carcaca-3-estrelas; maternal; peso; reprodutivo; semiextensivo,24.03,11.0,55.0,81.69,22.0,59.0,0.08,38.0,61.0,3.85,8.0,30.0,-0.012,60.0,42.0,41.65,84.0,51.0,0.29,98.0,36.0,-0.9,19.0,50.0,0.03,33.0,58.0,14.43,9.0,60.0,23.7,12.0,63.0,23.28,13.0,59.0,1.2,15.0,48.0,83.36,11.0,40.0,40.0,2.52,21.0,40.0,3.43,28.0,0.0,0.0,49.0,9.94,7.0,61.0,1.34,92.0
9869.0,VULCANO COL,Nelore PO,COL28196,11/10/2021,33.9,po; ifert; carcaca-5-estrelas; maternal; peso; reprodutivo; semiextensivo,34.1,2.0,49.0,85.5,10.0,61.0,0.51,9.0,62.0,3.67,9.0,37.0,-0.039,43.0,38.0,45.76,59.0,54.0,-0.061,21.0,40.0,-1.31,2.0,53.0,0.1,9.0,62.0,17.96,3.0,67.0,35.68,2.0,67.0,35.59,2.0,59.0,1.56,8.0,37.0,96.89,2.0,37.0,43.0,6.89,0.1,43.0,9.15,0.5,29.0,4.0,46.0,14.87,0.1,68.0,0.93,78.0
8547.0,VULCÃO  DA RFA,Nelore PO,RFA5120,21/08/2018,24.8,po; carcaca-5-estrelas; peso; semiintensivo,19.46,20.0,20.0,85.89,9.0,35.0,0.07,41.0,37.0,3.18,12.0,16.0,-0.07,23.0,19.0,38.72,97.0,16.0,0.35,99.0,19.0,-0.56,55.0,17.0,0.06,20.0,32.0,15.25,7.0,43.0,24.07,12.0,20.0,25.29,10.0,37.0,0.55,35.0,21.0,74.6,27.0,20.0,20.0,-1.3,99.0,21.0,0.48,89.0,11.0,1.0,16.0,4.31,44.0,34.0,1.77,98.0
8708.0,WKF4 ÁRABE,Nelore PO,WKF4,22/09/2018,28.3,po; ifert; carcaca-3-estrelas; car; maternal; peso; reprodutivo; semiintensivo,29.35,5.0,83.0,85.8,9.0,76.0,0.3,16.0,78.0,4.86,3.0,44.0,-0.12,4.0,80.0,44.97,65.0,67.0,-0.055,23.0,56.0,-1.21,3.0,72.0,-0.07,87.0,85.0,15.92,6.0,93.0,26.25,9.0,90.0,31.27,4.0,85.0,1.17,16.0,81.0,83.88,10.0,55.0,55.0,4.34,5.0,54.0,6.1,6.0,534.0,19.0,34.0,12.5,2.0,90.0,1.07,84.0
8864.0,WKF83 BEIRUTE,Nelore PO,WKF83,02/09/2019,24.8,po; carcaca-4-estrelas; peso; reprodutivo; semiextensivo,22.11,15.0,53.0,86.03,8.0,63.0,0.82,3.0,66.0,1.73,27.0,38.0,-0.106,6.0,44.0,37.39,98.0,56.0,-0.392,2.0,42.0,-0.85,23.0,62.0,-0.05,76.0,67.0,12.92,13.0,71.0,24.31,11.0,71.0,23.71,13.0,67.0,1.71,6.0,48.0,76.19,23.0,47.0,47.0,1.95,31.0,46.0,3.82,23.0,23.0,2.0,30.0,10.69,5.0,71.0,1.58,96.0
10648.0,XAMA COL,Nelore PO,COLM6690,21/10/2022,31.2,po; carcaca-5-estrelas; car; maternal; peso; reprodutivo; semiextensivo,31.89,3.0,48.0,83.51,15.0,57.0,0.77,4.0,58.0,5.98,1.0,32.0,-0.107,6.0,37.0,42.48,81.0,47.0,-0.051,23.0,35.0,-1.09,7.0,47.0,0.0,49.0,60.0,15.19,7.0,62.0,27.15,8.0,63.0,28.46,6.0,59.0,1.13,16.0,40.0,87.4,7.0,40.0,40.0,6.46,0.5,39.0,9.53,0.5,9.0,3.0,49.0,12.95,1.0,59.0,1.41,94.0
11108.0,XAROPE COL,Nelore PO,COL28890,20/09/2022,33.9,po; ifert; carcaca-4-estrelas; car; pnat; maternal; peso; reprodutivo; semiextensivo,30.07,4.0,53.0,88.06,5.0,60.0,1.36,0.5,63.0,4.09,6.0,36.0,-0.07,23.0,43.0,45.13,64.0,52.0,-0.34,3.0,38.0,-0.86,22.0,53.0,0.03,33.0,60.0,16.61,5.0,63.0,30.31,5.0,66.0,30.61,4.0,63.0,1.43,10.0,45.0,93.84,3.0,42.0,42.0,2.52,21.0,41.0,5.55,8.0,6.0,3.0,41.0,11.89,2.0,61.0,1.17,88.0
9066.0,QUORUM  KA,Nelore PO,KPA57,05/10/2020,38.9,po; carcaca-3-estrelas; maternal; peso; semiintensivo,28.5,5.0,73.0,76.83,45.0,65.0,0.37,13.0,67.0,3.38,11.0,51.0,-0.03,49.0,66.0,42.56,80.0,49.0,0.12,81.0,36.0,-0.61,48.0,46.0,0.01,44.0,68.0,18.48,3.0,74.0,26.19,9.0,73.0,28.49,6.0,65.0,1.19,15.0,66.0,83.31,11.0,41.0,41.0,5.51,2.0,40.0,7.36,3.0,107.0,5.0,51.0,7.93,16.0,76.0,2.17,100.0
9864.0,C3403 DA S. NICE,Nelore PO,GRIC3403,12/12/2021,33.9,po; ifert; carcaca-5-estrelas; novilhas; peso; reprodutivo; semiintensivo,27.21,7.0,73.0,86.22,8.0,58.0,1.05,2.0,59.0,5.37,2.0,31.0,-0.04,43.0,66.0,66.25,0.5,42.0,-0.12,14.0,37.0,-1.28,2.0,56.0,0.09,11.0,57.0,11.49,17.0,59.0,22.91,13.0,60.0,23.0,14.0,55.0,1.1,17.0,66.0,96.84,2.0,41.0,41.0,1.9,33.0,40.0,3.17,32.0,41.0,6.0,46.0,9.91,7.0,61.0,-0.76,6.0
9062.0,4579  PO CONFIANCA,Nelore PO,DVD4579,11/11/2020,33.9,po; ifert; carcaca-5-estrelas; car; peso; reprodutivo; semiintensivo,26.41,8.0,47.0,85.49,10.0,66.0,0.14,27.0,66.0,4.34,5.0,45.0,-0.11,5.0,35.0,42.88,79.0,58.0,0.38,100.0,44.0,-1.08,7.0,61.0,0.19,2.0,65.0,16.08,6.0,68.0,33.64,2.0,68.0,29.4,5.0,67.0,1.68,6.0,38.0,90.05,5.0,38.0,48.0,0.93,63.0,48.0,3.08,34.0,11.0,4.0,58.0,13.31,1.0,67.0,1.44,94.0
10511.0,2431 ESALQ,Nelore PO,ALQ2431,10/08/2022,36.5,po; ifert; carcaca-4-estrelas; maternal; peso; reprodutivo; semiintensivo,33.15,2.0,48.0,86.72,7.0,63.0,0.77,4.0,64.0,6.81,0.1,42.0,0.0,67.0,32.0,46.85,50.0,51.0,0.136,85.0,44.0,-1.41,1.0,57.0,0.07,17.0,65.0,20.05,2.0,70.0,36.38,1.0,70.0,37.37,1.0,66.0,2.15,2.0,39.0,83.17,11.0,39.0,47.0,3.06,14.0,47.0,4.3,17.0,96.0,2.0,53.0,13.74,0.5,68.0,1.06,84.0
12274.0,C1656 FIV DA EAO,Nelore PO,EAOC1656,26/06/2023,0.0,po; carcaca-5-estrelas; maternal; peso; reprodutivo; semiextensivo,36.44,0.1,58.0,89.36,3.0,64.0,1.44,0.1,66.0,5.19,2.0,48.0,0.0,67.0,45.0,41.47,85.0,54.0,-0.35,3.0,38.0,-1.04,9.0,62.0,0.17,3.0,66.0,21.35,1.0,65.0,31.84,3.0,67.0,33.77,3.0,63.0,1.47,9.0,54.0,92.3,4.0,45.0,45.0,5.91,1.0,44.0,7.68,2.0,0.0,0.0,51.0,13.49,0.5,64.0,1.44,94.0
12680.0,KPAR867 KA,Nelore PO,KPAR867,21/10/2022,,po; carcaca-4-estrelas; maternal; peso; reprodutivo; semiintensivo,37.43,0.1,39.0,84.17,13.0,52.0,0.43,11.0,52.0,6.97,0.1,60.0,-0.09,12.0,30.0,32.64,100.0,38.0,0.296,98.0,32.0,-0.89,19.0,44.0,0.18,2.0,55.0,21.43,1.0,58.0,35.97,1.0,59.0,42.25,0.1,57.0,2.33,1.0,36.0,94.87,3.0,35.0,35.0,4.98,3.0,35.0,7.39,3.0,0.0,0.0,50.0,12.78,1.0,53.0,1.72,98.0
